position_id,account_id,security_id,qty,avg_cost,last_px,updated_at
1,39,19,575.0,91.467391,92,2026-08-28 16:00:00
2,157,4,410.0,179.876878,185,2026-08-28 16:00:00
3,19,8,390.0,449.421385,450,2026-08-28 16:00:00
4,153,19,550.0,90.697273,92,2026-08-28 16:00:00
5,7,3,310.0,162.080806,165,2026-08-28 16:00:00
6,121,12,150.0,515.408333,520,2026-08-28 16:00:00
7,132,1,1395.0,187.936387,190,2026-08-28 16:00:00
8,125,4,835.0,182.612036,185,2026-08-28 16:00:00
9,128,10,-475.0,270.645368,275,2026-08-28 16:00:00
10,69,1,50.0,213.2664,190,2026-08-28 16:00:00
11,147,13,-315.0,107.71746,112,2026-08-28 16:00:00
12,85,4,125.0,185.5208,185,2026-08-28 16:00:00
13,21,11,300.0,158.855433,155,2026-08-28 16:00:00
14,114,6,760.0,506.074158,510,2026-08-28 16:00:00
15,140,6,50.0,531.8594,510,2026-08-28 16:00:00
16,148,10,615.0,283.354959,275,2026-08-28 16:00:00
17,36,4,985.0,182.665523,185,2026-08-28 16:00:00
18,136,17,100.0,198.4925,205,2026-08-28 16:00:00
19,143,12,560.0,524.808982,520,2026-08-28 16:00:00
20,84,20,-290.0,80.196345,77,2026-08-28 16:00:00
21,35,13,550.0,112.723327,112,2026-08-28 16:00:00
22,26,12,215.0,535.925674,520,2026-08-28 16:00:00
23,13,11,565.0,158.113487,155,2026-08-28 16:00:00
24,34,18,1175.0,215.9924,215,2026-08-28 16:00:00
25,122,15,200.0,534.52125,530,2026-08-28 16:00:00
26,16,16,-475.0,441.122589,450,2026-08-28 16:00:00
27,98,20,40.0,78.8275,77,2026-08-28 16:00:00
28,106,11,700.0,152.8055,155,2026-08-28 16:00:00
29,28,12,-100.0,508.075,520,2026-08-28 16:00:00
30,87,12,443.0,531.313409,520,2026-08-28 16:00:00
31,95,10,560.0,268.638929,275,2026-08-28 16:00:00
32,36,9,650.0,96.604385,97,2026-08-28 16:00:00
33,112,1,-100.0,188.8525,190,2026-08-28 16:00:00
34,23,14,615.0,151.318797,155,2026-08-28 16:00:00
35,131,7,375.0,194.403147,198,2026-08-28 16:00:00
36,119,19,320.0,90.275312,92,2026-08-28 16:00:00
37,80,15,225.0,537.270089,530,2026-08-28 16:00:00
38,116,4,205.0,182.718146,185,2026-08-28 16:00:00
39,105,11,-50.0,175.3906,155,2026-08-28 16:00:00
40,80,13,975.0,112.348123,112,2026-08-28 16:00:00
41,131,12,1810.0,518.60663,520,2026-08-28 16:00:00
42,135,2,35.0,440.349714,420,2026-08-28 16:00:00
43,121,7,-290.0,198.349414,198,2026-08-28 16:00:00
44,124,12,505.0,506.23804,520,2026-08-28 16:00:00
45,7,14,1285.0,155.646716,155,2026-08-28 16:00:00
46,10,10,179.0,261.440223,275,2026-08-28 16:00:00
47,29,10,350.0,274.400714,275,2026-08-28 16:00:00
48,75,14,95.0,151.002737,155,2026-08-28 16:00:00
49,142,1,600.0,193.339967,190,2026-08-28 16:00:00
50,86,5,515.0,903.574913,880,2026-08-28 16:00:00
51,52,2,-590.0,419.955932,420,2026-08-28 16:00:00
52,99,11,960.0,152.24625,155,2026-08-28 16:00:00
53,115,20,1350.0,76.678659,77,2026-08-28 16:00:00
54,113,2,975.0,419.73401,420,2026-08-28 16:00:00
55,81,9,875.0,96.980126,97,2026-08-28 16:00:00
56,116,6,-575.0,486.161304,510,2026-08-28 16:00:00
57,131,8,1250.0,447.815904,450,2026-08-28 16:00:00
58,135,14,-225.0,152.813333,155,2026-08-28 16:00:00
59,111,17,125.0,205.16,205,2026-08-28 16:00:00
60,71,5,-65.0,331.401231,880,2026-08-28 16:00:00
61,107,20,525.0,75.441562,77,2026-08-28 16:00:00
62,89,13,140.0,110.273571,112,2026-08-28 16:00:00
63,64,6,1385.0,506.69652,510,2026-08-28 16:00:00
64,56,19,-325.0,88.768462,92,2026-08-28 16:00:00
65,14,19,525.0,89.428286,92,2026-08-28 16:00:00
66,101,12,185.0,521.089027,520,2026-08-28 16:00:00
67,156,17,190.0,208.138684,205,2026-08-28 16:00:00
68,95,11,785.0,152.800127,155,2026-08-28 16:00:00
69,38,8,-370.0,452.015757,450,2026-08-28 16:00:00
70,36,17,1425.0,205.102779,205,2026-08-28 16:00:00
71,157,16,485.0,448.900268,450,2026-08-28 16:00:00
72,75,2,100.0,440.2113,420,2026-08-28 16:00:00
73,151,8,-500.0,450.7697,450,2026-08-28 16:00:00
74,105,16,235.0,448.290766,450,2026-08-28 16:00:00
75,45,14,25.0,146.8996,155,2026-08-28 16:00:00
76,29,11,575.0,156.953478,155,2026-08-28 16:00:00
77,115,9,610.0,98.76118,97,2026-08-28 16:00:00
78,95,20,490.0,80.048959,77,2026-08-28 16:00:00
79,135,15,26.0,574.36,530,2026-08-28 16:00:00
80,117,5,575.0,886.59913,880,2026-08-28 16:00:00
81,89,3,710.0,161.704789,165,2026-08-28 16:00:00
82,115,13,-50.0,91.5932,112,2026-08-28 16:00:00
83,71,7,780.0,197.652051,198,2026-08-28 16:00:00
84,113,8,-205.0,440.894634,450,2026-08-28 16:00:00
85,61,10,-100.0,271.4,275,2026-08-28 16:00:00
86,135,11,-25.0,145.57,155,2026-08-28 16:00:00
87,106,14,-625.0,153.919856,155,2026-08-28 16:00:00
88,155,2,1100.0,413.870345,420,2026-08-28 16:00:00
89,83,10,160.0,287.532,275,2026-08-28 16:00:00
90,141,11,-10.0,115.945,155,2026-08-28 16:00:00
91,13,1,45.0,191.370222,190,2026-08-28 16:00:00
92,111,6,435.0,510.765885,510,2026-08-28 16:00:00
93,58,10,740.0,275.392973,275,2026-08-28 16:00:00
94,85,19,125.0,94.16136,92,2026-08-28 16:00:00
95,5,7,575.0,201.441617,198,2026-08-28 16:00:00
96,89,2,-675.0,419.638148,420,2026-08-28 16:00:00
97,97,14,85.0,147.333059,155,2026-08-28 16:00:00
98,100,11,585.0,154.101863,155,2026-08-28 16:00:00
99,44,5,650.0,889.670769,880,2026-08-28 16:00:00
100,153,20,145.0,79.882897,77,2026-08-28 16:00:00
101,35,10,650.0,278.454615,275,2026-08-28 16:00:00
102,97,9,1175.0,98.811523,97,2026-08-28 16:00:00
103,78,8,1291.0,464.030217,450,2026-08-28 16:00:00
104,43,20,-100.0,78.265,77,2026-08-28 16:00:00
105,57,15,800.0,524.678775,530,2026-08-28 16:00:00
106,88,15,25.0,607.7156,530,2026-08-28 16:00:00
107,133,6,-165.0,469.271333,510,2026-08-28 16:00:00
108,116,19,225.0,93.131644,92,2026-08-28 16:00:00
109,136,11,60.0,143.283,155,2026-08-28 16:00:00
110,81,4,860.0,189.213512,185,2026-08-28 16:00:00
111,143,6,-490.0,498.245143,510,2026-08-28 16:00:00
112,43,3,825.0,165.345152,165,2026-08-28 16:00:00
113,30,9,600.0,97.415,97,2026-08-28 16:00:00
114,110,6,335.0,503.542776,510,2026-08-28 16:00:00
115,25,5,-550.0,868.589,880,2026-08-28 16:00:00
116,20,3,1250.0,165.922376,165,2026-08-28 16:00:00
117,17,18,660.0,212.486455,215,2026-08-28 16:00:00
118,113,15,185.0,523.398649,530,2026-08-28 16:00:00
119,109,5,200.0,881.9501,880,2026-08-28 16:00:00
120,145,1,360.0,191.366806,190,2026-08-28 16:00:00
121,151,13,675.0,111.060074,112,2026-08-28 16:00:00
122,53,17,485.0,205.924247,205,2026-08-28 16:00:00
123,93,11,-65.0,132.199538,155,2026-08-28 16:00:00
124,56,2,1045.0,417.283005,420,2026-08-28 16:00:00
125,53,5,200.0,890.0989,880,2026-08-28 16:00:00
126,31,1,-550.0,186.758636,190,2026-08-28 16:00:00
127,135,3,1315.0,164.883726,165,2026-08-28 16:00:00
128,30,8,750.0,452.029853,450,2026-08-28 16:00:00
129,58,11,510.0,157.14898,155,2026-08-28 16:00:00
130,73,10,375.0,270.012667,275,2026-08-28 16:00:00
131,39,1,220.0,186.285909,190,2026-08-28 16:00:00
132,108,16,235.0,455.249617,450,2026-08-28 16:00:00
133,112,5,360.0,887.992889,880,2026-08-28 16:00:00
134,116,15,525.0,520.955543,530,2026-08-28 16:00:00
135,56,11,165.0,154.073636,155,2026-08-28 16:00:00
136,6,3,175.0,169.171943,165,2026-08-28 16:00:00
137,91,7,195.0,191.374564,198,2026-08-28 16:00:00
138,64,18,950.0,215.287105,215,2026-08-28 16:00:00
139,57,1,295.0,192.410847,190,2026-08-28 16:00:00
140,91,6,820.0,520.429232,510,2026-08-28 16:00:00
141,10,3,60.0,155.781833,165,2026-08-28 16:00:00
142,19,12,150.0,509.0744,520,2026-08-28 16:00:00
143,158,12,750.0,518.934667,520,2026-08-28 16:00:00
144,157,8,240.0,456.061875,450,2026-08-28 16:00:00
145,115,1,735.0,190.432939,190,2026-08-28 16:00:00
146,97,12,160.0,528.085188,520,2026-08-28 16:00:00
147,97,6,660.0,499.978409,510,2026-08-28 16:00:00
148,49,14,950.0,152.6062,155,2026-08-28 16:00:00
149,23,10,625.0,274.5736,275,2026-08-28 16:00:00
150,24,18,450.0,217.407778,215,2026-08-28 16:00:00
151,22,12,100.0,518.2157,520,2026-08-28 16:00:00
152,147,20,-15.0,64.816,77,2026-08-28 16:00:00
153,142,11,-150.0,169.606667,155,2026-08-28 16:00:00
154,138,12,-340.0,500.586265,520,2026-08-28 16:00:00
155,61,2,325.0,422.856892,420,2026-08-28 16:00:00
156,15,17,-475.0,198.821747,205,2026-08-28 16:00:00
157,93,7,975.0,198.185897,198,2026-08-28 16:00:00
158,67,3,-525.0,166.718552,165,2026-08-28 16:00:00
159,154,1,205.0,187.69478,190,2026-08-28 16:00:00
160,102,19,660.0,91.885606,92,2026-08-28 16:00:00
161,49,5,850.0,893.877306,880,2026-08-28 16:00:00
162,49,11,-310.0,154.806452,155,2026-08-28 16:00:00
163,57,12,300.0,517.1642,520,2026-08-28 16:00:00
164,129,4,710.0,186.239577,185,2026-08-28 16:00:00
165,21,16,1150.0,453.428191,450,2026-08-28 16:00:00
166,110,13,225.0,110.564844,112,2026-08-28 16:00:00
167,17,2,-300.0,395.083333,420,2026-08-28 16:00:00
168,10,13,300.0,114.0896,112,2026-08-28 16:00:00
169,122,5,185.0,885.985135,880,2026-08-28 16:00:00
170,131,20,1040.0,75.524279,77,2026-08-28 16:00:00
171,11,18,-450.0,212.663889,215,2026-08-28 16:00:00
172,131,3,-540.0,166.53987,165,2026-08-28 16:00:00
173,25,2,375.0,416.45,420,2026-08-28 16:00:00
174,103,15,-100.0,520.3831,530,2026-08-28 16:00:00
175,47,20,1100.0,75.457045,77,2026-08-28 16:00:00
176,148,19,425.0,91.877012,92,2026-08-28 16:00:00
177,14,1,85.0,192.602353,190,2026-08-28 16:00:00
178,104,8,500.0,455.0995,450,2026-08-28 16:00:00
179,143,18,650.0,219.571923,215,2026-08-28 16:00:00
180,154,16,110.0,434.447727,450,2026-08-28 16:00:00
181,43,16,145.0,456.274828,450,2026-08-28 16:00:00
182,107,2,-785.0,425.502433,420,2026-08-28 16:00:00
183,156,11,900.0,156.200278,155,2026-08-28 16:00:00
184,77,18,320.0,214.613188,215,2026-08-28 16:00:00
185,144,16,1015.0,447.878256,450,2026-08-28 16:00:00
186,69,6,675.0,508.504296,510,2026-08-28 16:00:00
187,144,13,985.0,111.913797,112,2026-08-28 16:00:00
188,52,20,-140.0,85.562286,77,2026-08-28 16:00:00
189,2,11,175.0,154.362571,155,2026-08-28 16:00:00
190,135,8,145.0,451.048,450,2026-08-28 16:00:00
191,159,17,125.0,198.85864,205,2026-08-28 16:00:00
192,98,4,360.0,186.724194,185,2026-08-28 16:00:00
193,137,1,410.0,190.47978,190,2026-08-28 16:00:00
194,40,1,285.0,186.952526,190,2026-08-28 16:00:00
195,31,18,675.0,214.278904,215,2026-08-28 16:00:00
196,98,13,175.0,113.791943,112,2026-08-28 16:00:00
197,37,4,300.0,190.026733,185,2026-08-28 16:00:00
198,50,4,1875.0,183.599712,185,2026-08-28 16:00:00
199,33,8,140.0,414.727857,450,2026-08-28 16:00:00
200,125,18,960.0,217.52799,215,2026-08-28 16:00:00
201,130,1,810.0,191.251605,190,2026-08-28 16:00:00
202,75,5,1840.0,876.010022,880,2026-08-28 16:00:00
203,145,5,475.0,904.4556,880,2026-08-28 16:00:00
204,11,11,810.0,155.686395,155,2026-08-28 16:00:00
205,89,16,435.0,436.428621,450,2026-08-28 16:00:00
206,59,14,-355.0,154.120169,155,2026-08-28 16:00:00
207,132,2,760.0,425.054855,420,2026-08-28 16:00:00
208,59,13,210.0,114.483333,112,2026-08-28 16:00:00
209,155,18,-175.0,214.575543,215,2026-08-28 16:00:00
210,26,14,585.0,154.643419,155,2026-08-28 16:00:00
211,93,4,990.0,185.292929,185,2026-08-28 16:00:00
212,143,16,650.0,441.288846,450,2026-08-28 16:00:00
213,55,17,200.0,202.75875,205,2026-08-28 16:00:00
214,130,4,200.0,188.7632,185,2026-08-28 16:00:00
215,8,16,905.0,443.948309,450,2026-08-28 16:00:00
216,88,3,250.0,169.71764,165,2026-08-28 16:00:00
217,68,7,-40.0,189.49625,198,2026-08-28 16:00:00
218,11,16,800.0,443.702612,450,2026-08-28 16:00:00
219,129,12,935.0,532.88693,520,2026-08-28 16:00:00
220,48,18,750.0,216.449333,215,2026-08-28 16:00:00
221,34,19,225.0,92.507778,92,2026-08-28 16:00:00
222,77,9,325.0,97.002923,97,2026-08-28 16:00:00
223,93,12,210.0,507.440619,520,2026-08-28 16:00:00
224,45,10,-675.0,281.176667,275,2026-08-28 16:00:00
225,108,20,525.0,77.915314,77,2026-08-28 16:00:00
226,93,19,520.0,90.883269,92,2026-08-28 16:00:00
227,25,3,425.0,163.770941,165,2026-08-28 16:00:00
228,135,6,375.0,503.343547,510,2026-08-28 16:00:00
229,89,10,-425.0,270.127647,275,2026-08-28 16:00:00
230,100,13,792.0,113.656225,112,2026-08-28 16:00:00
231,126,7,-390.0,188.775513,198,2026-08-28 16:00:00
232,65,13,1025.0,113.2424,112,2026-08-28 16:00:00
233,122,13,-75.0,121.839067,112,2026-08-28 16:00:00
234,150,4,1225.0,185.033673,185,2026-08-28 16:00:00
235,16,12,-200.0,524.125,520,2026-08-28 16:00:00
236,92,5,-30.0,935.735,880,2026-08-28 16:00:00
237,142,6,310.0,519.340806,510,2026-08-28 16:00:00
238,159,8,20.0,448.555,450,2026-08-28 16:00:00
239,134,3,400.0,169.71845,165,2026-08-28 16:00:00
240,66,2,235.0,426.933404,420,2026-08-28 16:00:00
241,107,12,700.0,522.837286,520,2026-08-28 16:00:00
242,137,20,225.0,76.798178,77,2026-08-28 16:00:00
243,131,18,700.0,211.9075,215,2026-08-28 16:00:00
244,146,7,960.0,195.887958,198,2026-08-28 16:00:00
245,107,4,550.0,181.756364,185,2026-08-28 16:00:00
246,101,15,220.0,524.582955,530,2026-08-28 16:00:00
247,103,17,700.0,206.04,205,2026-08-28 16:00:00
248,111,11,-350.0,154.1948,155,2026-08-28 16:00:00
249,160,5,400.0,877.548975,880,2026-08-28 16:00:00
250,74,1,240.0,185.0825,190,2026-08-28 16:00:00
251,100,9,855.0,96.942959,97,2026-08-28 16:00:00
252,51,17,543.0,203.855912,205,2026-08-28 16:00:00
253,36,3,215.0,158.395488,165,2026-08-28 16:00:00
254,149,18,1100.0,216.291909,215,2026-08-28 16:00:00
255,114,9,265.0,98.233623,97,2026-08-28 16:00:00
256,48,13,512.0,114.28877,112,2026-08-28 16:00:00
257,53,3,775.0,163.742503,165,2026-08-28 16:00:00
258,134,4,125.0,187.70096,185,2026-08-28 16:00:00
259,102,10,644.0,271.883339,275,2026-08-28 16:00:00
260,46,15,-25.0,521.7852,530,2026-08-28 16:00:00
261,99,17,-160.0,201.537937,205,2026-08-28 16:00:00
262,34,7,1594.0,198.987679,198,2026-08-28 16:00:00
263,117,14,1425.0,150.874575,155,2026-08-28 16:00:00
264,10,5,510.0,886.990667,880,2026-08-28 16:00:00
265,147,18,130.0,206.951538,215,2026-08-28 16:00:00
266,35,4,350.0,184.311257,185,2026-08-28 16:00:00
267,110,20,135.0,77.706593,77,2026-08-28 16:00:00
268,1,4,725.0,181.10949,185,2026-08-28 16:00:00
269,86,11,275.0,152.716,155,2026-08-28 16:00:00
270,43,19,1025.0,93.345054,92,2026-08-28 16:00:00
271,56,17,1375.0,206.505876,205,2026-08-28 16:00:00
272,135,10,600.0,275.10485,275,2026-08-28 16:00:00
273,23,11,65.0,158.095385,155,2026-08-28 16:00:00
274,31,9,775.0,99.135458,97,2026-08-28 16:00:00
275,80,20,585.0,78.346632,77,2026-08-28 16:00:00
276,121,8,860.0,452.576012,450,2026-08-28 16:00:00
277,44,10,1000.0,275.66618,275,2026-08-28 16:00:00
278,41,16,-300.0,458.9747,450,2026-08-28 16:00:00
279,116,18,225.0,212.090133,215,2026-08-28 16:00:00
280,76,2,310.0,412.607258,420,2026-08-28 16:00:00
281,37,16,875.0,432.806286,450,2026-08-28 16:00:00
282,109,20,350.0,76.850714,77,2026-08-28 16:00:00
283,124,3,690.0,165.129855,165,2026-08-28 16:00:00
284,149,10,500.0,274.06334,275,2026-08-28 16:00:00
285,149,6,700.0,515.6286,510,2026-08-28 16:00:00
286,4,4,700.0,184.925714,185,2026-08-28 16:00:00
287,38,20,-90.0,73.07,77,2026-08-28 16:00:00
288,14,6,-125.0,511.694,510,2026-08-28 16:00:00
289,11,4,300.0,195.791367,185,2026-08-28 16:00:00
290,50,17,1228.0,207.140285,205,2026-08-28 16:00:00
291,65,7,1425.0,199.608056,198,2026-08-28 16:00:00
292,65,10,550.0,266.462418,275,2026-08-28 16:00:00
293,67,9,670.0,96.475776,97,2026-08-28 16:00:00
294,86,10,1710.0,271.670988,275,2026-08-28 16:00:00
295,22,15,1150.0,526.333513,530,2026-08-28 16:00:00
296,87,2,670.0,425.568806,420,2026-08-28 16:00:00
297,12,8,720.0,451.760333,450,2026-08-28 16:00:00
298,57,3,125.0,171.69176,165,2026-08-28 16:00:00
299,44,12,925.0,511.574908,520,2026-08-28 16:00:00
300,33,7,1335.0,196.187288,198,2026-08-28 16:00:00
301,90,14,-475.0,153.339663,155,2026-08-28 16:00:00
302,128,6,350.0,499.791429,510,2026-08-28 16:00:00
303,46,6,500.0,507.74864,510,2026-08-28 16:00:00
304,52,13,480.0,113.754896,112,2026-08-28 16:00:00
305,92,9,385.0,94.865896,97,2026-08-28 16:00:00
306,62,3,560.0,167.785179,165,2026-08-28 16:00:00
307,119,1,385.0,193.398182,190,2026-08-28 16:00:00
308,94,2,325.0,415.629292,420,2026-08-28 16:00:00
309,54,8,-100.0,437.6724,450,2026-08-28 16:00:00
310,75,15,-25.0,468.1052,530,2026-08-28 16:00:00
311,38,16,1200.0,443.5882,450,2026-08-28 16:00:00
312,134,11,1125.0,155.692276,155,2026-08-28 16:00:00
313,144,2,1025.0,415.74442,420,2026-08-28 16:00:00
314,130,11,825.0,153.541988,155,2026-08-28 16:00:00
315,132,13,200.0,111.3775,112,2026-08-28 16:00:00
316,105,9,75.0,91.66,97,2026-08-28 16:00:00
317,58,1,450.0,189.974267,190,2026-08-28 16:00:00
318,124,19,-612.0,91.835212,92,2026-08-28 16:00:00
319,92,6,435.0,523.031908,510,2026-08-28 16:00:00
320,140,11,385.0,159.141403,155,2026-08-28 16:00:00
321,27,7,-1125.0,195.128667,198,2026-08-28 16:00:00
322,20,1,415.0,189.772072,190,2026-08-28 16:00:00
323,155,7,20.0,193.595,198,2026-08-28 16:00:00
324,136,7,50.0,200.112,198,2026-08-28 16:00:00
325,105,4,700.0,188.738929,185,2026-08-28 16:00:00
326,58,18,515.0,209.283165,215,2026-08-28 16:00:00
327,152,4,550.0,184.272291,185,2026-08-28 16:00:00
328,72,5,-6.0,589.86,880,2026-08-28 16:00:00
329,139,11,-250.0,144.97968,155,2026-08-28 16:00:00
330,78,6,-680.0,518.388162,510,2026-08-28 16:00:00
331,127,19,460.0,91.464348,92,2026-08-28 16:00:00
332,92,14,-550.0,150.615618,155,2026-08-28 16:00:00
333,146,17,190.0,209.676842,205,2026-08-28 16:00:00
334,128,17,1060.0,207.060745,205,2026-08-28 16:00:00
335,160,3,275.0,165.727273,165,2026-08-28 16:00:00
336,111,18,1000.0,215.57725,215,2026-08-28 16:00:00
337,69,18,65.0,243.133692,215,2026-08-28 16:00:00
338,53,14,150.0,156.485,155,2026-08-28 16:00:00
339,112,14,950.0,154.089116,155,2026-08-28 16:00:00
340,102,5,-75.0,1070.755067,880,2026-08-28 16:00:00
341,109,7,1190.0,198.229798,198,2026-08-28 16:00:00
342,79,1,380.0,189.298421,190,2026-08-28 16:00:00
343,100,1,225.0,183.814622,190,2026-08-28 16:00:00
344,42,9,275.0,103.212109,97,2026-08-28 16:00:00
345,73,7,75.0,187.618933,198,2026-08-28 16:00:00
346,154,9,10.0,98.22,97,2026-08-28 16:00:00
347,49,9,400.0,98.493275,97,2026-08-28 16:00:00
348,61,20,59.0,74.760678,77,2026-08-28 16:00:00
349,153,9,485.0,95.644639,97,2026-08-28 16:00:00
350,2,9,600.0,96.394167,97,2026-08-28 16:00:00
351,81,2,985.0,423.984457,420,2026-08-28 16:00:00
352,81,16,850.0,444.166118,450,2026-08-28 16:00:00
353,11,15,-375.0,508.263493,530,2026-08-28 16:00:00
354,55,19,450.0,92.618889,92,2026-08-28 16:00:00
355,23,1,610.0,191.595738,190,2026-08-28 16:00:00
356,154,14,85.0,155.503294,155,2026-08-28 16:00:00
357,127,17,170.0,203.584412,205,2026-08-28 16:00:00
358,13,18,-175.0,208.846343,215,2026-08-28 16:00:00
359,155,9,560.0,96.449518,97,2026-08-28 16:00:00
360,112,18,240.0,235.53625,215,2026-08-28 16:00:00
361,150,8,50.0,414.7418,450,2026-08-28 16:00:00
362,30,16,165.0,451.72303,450,2026-08-28 16:00:00
363,34,10,625.0,278.092128,275,2026-08-28 16:00:00
364,59,4,625.0,184.3232,185,2026-08-28 16:00:00
365,28,20,510.0,78.730706,77,2026-08-28 16:00:00
366,128,4,-200.0,192.31375,185,2026-08-28 16:00:00
367,22,9,850.0,97.828247,97,2026-08-28 16:00:00
368,114,5,250.0,877.956,880,2026-08-28 16:00:00
369,148,2,225.0,435.843333,420,2026-08-28 16:00:00
370,140,20,900.0,76.844478,77,2026-08-28 16:00:00
371,6,1,125.0,196.03,190,2026-08-28 16:00:00
372,115,10,300.0,278.584167,275,2026-08-28 16:00:00
373,84,17,675.0,200.940222,205,2026-08-28 16:00:00
374,104,19,1281.0,92.408486,92,2026-08-28 16:00:00
375,122,2,220.0,411.907273,420,2026-08-28 16:00:00
376,76,16,-110.0,457.478545,450,2026-08-28 16:00:00
377,18,2,-225.0,433.0924,420,2026-08-28 16:00:00
378,115,5,-160.0,860.8655,880,2026-08-28 16:00:00
379,7,19,353.0,92.265892,92,2026-08-28 16:00:00
380,158,11,166.0,147.717229,155,2026-08-28 16:00:00
381,138,14,85.0,145.241765,155,2026-08-28 16:00:00
382,90,7,640.0,199.610875,198,2026-08-28 16:00:00
383,82,11,725.0,155.640124,155,2026-08-28 16:00:00
384,156,16,125.0,446.99648,450,2026-08-28 16:00:00
385,32,12,572.0,525.957745,520,2026-08-28 16:00:00
386,50,19,225.0,90.353289,92,2026-08-28 16:00:00
387,1,14,485.0,154.659835,155,2026-08-28 16:00:00
388,137,15,200.0,566.1148,530,2026-08-28 16:00:00
389,123,14,1100.0,156.786282,155,2026-08-28 16:00:00
390,159,15,185.0,506.235568,530,2026-08-28 16:00:00
391,152,7,210.0,198.005714,198,2026-08-28 16:00:00
392,80,19,400.0,91.799375,92,2026-08-28 16:00:00
393,85,6,720.0,502.593056,510,2026-08-28 16:00:00
394,97,7,460.0,195.324674,198,2026-08-28 16:00:00
395,12,1,740.0,190.583595,190,2026-08-28 16:00:00
396,36,13,500.0,109.93102,112,2026-08-28 16:00:00
397,82,20,125.0,77.464,77,2026-08-28 16:00:00
398,122,9,-405.0,99.097284,97,2026-08-28 16:00:00
399,66,18,587.0,215.867956,215,2026-08-28 16:00:00
400,95,16,1125.0,444.130987,450,2026-08-28 16:00:00
401,93,2,975.0,416.647067,420,2026-08-28 16:00:00
402,151,1,975.0,192.125467,190,2026-08-28 16:00:00
403,24,6,825.0,499.154848,510,2026-08-28 16:00:00
404,117,2,404.0,416.060198,420,2026-08-28 16:00:00
405,151,7,260.0,199.036538,198,2026-08-28 16:00:00
406,118,15,1240.0,525.702669,530,2026-08-28 16:00:00
407,25,13,1000.0,110.43075,112,2026-08-28 16:00:00
408,98,11,620.0,157.417548,155,2026-08-28 16:00:00
409,36,16,250.0,460.94024,450,2026-08-28 16:00:00
410,64,12,10.0,954.725,520,2026-08-28 16:00:00
411,12,14,250.0,153.03,155,2026-08-28 16:00:00
412,154,11,750.0,155.967187,155,2026-08-28 16:00:00
413,60,17,-365.0,212.235342,205,2026-08-28 16:00:00
414,85,11,235.0,157.565319,155,2026-08-28 16:00:00
415,14,5,260.0,873.723462,880,2026-08-28 16:00:00
416,78,10,1050.0,270.36639,275,2026-08-28 16:00:00
417,153,18,1058.0,216.104726,215,2026-08-28 16:00:00
418,40,7,975.0,195.257436,198,2026-08-28 16:00:00
419,19,14,910.0,158.290187,155,2026-08-28 16:00:00
420,8,5,510.0,872.481745,880,2026-08-28 16:00:00
421,133,7,-275.0,202.854836,198,2026-08-28 16:00:00
422,28,19,600.0,91.430833,92,2026-08-28 16:00:00
423,74,14,185.0,152.990811,155,2026-08-28 16:00:00
424,50,9,-450.0,98.431533,97,2026-08-28 16:00:00
425,3,2,25.0,412.7532,420,2026-08-28 16:00:00
426,81,8,50.0,463.824,450,2026-08-28 16:00:00
427,72,8,10.0,444.028,450,2026-08-28 16:00:00
428,84,15,-575.0,524.291739,530,2026-08-28 16:00:00
429,9,5,-90.0,949.081778,880,2026-08-28 16:00:00
430,66,16,-500.0,459.4813,450,2026-08-28 16:00:00
431,144,14,-200.0,158.64625,155,2026-08-28 16:00:00
432,98,19,525.0,92.365886,92,2026-08-28 16:00:00
433,28,13,1075.0,110.46693,112,2026-08-28 16:00:00
434,58,2,580.0,413.503862,420,2026-08-28 16:00:00
435,19,17,250.0,201.576,205,2026-08-28 16:00:00
436,36,15,650.0,518.0848,530,2026-08-28 16:00:00
437,9,4,600.0,186.560417,185,2026-08-28 16:00:00
438,147,16,350.0,448.45,450,2026-08-28 16:00:00
439,101,18,-750.0,216.396107,215,2026-08-28 16:00:00
440,143,15,215.0,532.16107,530,2026-08-28 16:00:00
441,44,14,1350.0,154.932341,155,2026-08-28 16:00:00
442,98,6,25.0,537.72,510,2026-08-28 16:00:00
443,97,8,550.0,440.498509,450,2026-08-28 16:00:00
444,47,12,190.0,467.918947,520,2026-08-28 16:00:00
445,14,12,275.0,509.722036,520,2026-08-28 16:00:00
446,79,3,560.0,163.554018,165,2026-08-28 16:00:00
447,137,12,840.0,528.342798,520,2026-08-28 16:00:00
448,109,16,-25.0,427.35,450,2026-08-28 16:00:00
449,119,20,400.0,74.51375,77,2026-08-28 16:00:00
450,51,3,-380.0,165.520658,165,2026-08-28 16:00:00
451,47,18,-325.0,218.906123,215,2026-08-28 16:00:00
452,34,4,940.0,183.666489,185,2026-08-28 16:00:00
453,22,14,-200.0,153.26775,155,2026-08-28 16:00:00
454,129,20,300.0,77.3803,77,2026-08-28 16:00:00
455,14,13,445.0,109.344652,112,2026-08-28 16:00:00
456,108,8,-5.0,240.076,450,2026-08-28 16:00:00
457,94,11,150.0,157.308467,155,2026-08-28 16:00:00
458,28,5,400.0,876.906925,880,2026-08-28 16:00:00
459,65,18,-150.0,210.4718,215,2026-08-28 16:00:00
460,103,20,-40.0,80.026,77,2026-08-28 16:00:00
461,76,9,700.0,96.983257,97,2026-08-28 16:00:00
462,89,20,675.0,75.793541,77,2026-08-28 16:00:00
463,138,19,-190.0,90.673947,92,2026-08-28 16:00:00
464,95,5,175.0,865.115714,880,2026-08-28 16:00:00
465,46,13,525.0,110.230381,112,2026-08-28 16:00:00
466,12,5,-65.0,879.170769,880,2026-08-28 16:00:00
467,107,5,825.0,874.018667,880,2026-08-28 16:00:00
468,58,4,-90.0,205.513333,185,2026-08-28 16:00:00
469,38,11,610.0,152.269951,155,2026-08-28 16:00:00
470,82,16,-425.0,452.226941,450,2026-08-28 16:00:00
471,96,2,-225.0,455.260978,420,2026-08-28 16:00:00
472,117,18,200.0,219.8325,215,2026-08-28 16:00:00
473,101,6,-390.0,504.486231,510,2026-08-28 16:00:00
474,86,1,1275.0,190.095349,190,2026-08-28 16:00:00
475,146,19,405.0,91.86563,92,2026-08-28 16:00:00
476,60,7,375.0,199.566,198,2026-08-28 16:00:00
477,62,7,-75.0,198.453333,198,2026-08-28 16:00:00
478,76,6,125.0,504.47992,510,2026-08-28 16:00:00
479,74,13,810.0,110.577951,112,2026-08-28 16:00:00
480,3,5,200.0,938.2734,880,2026-08-28 16:00:00
481,103,11,725.0,152.698276,155,2026-08-28 16:00:00
482,146,2,-50.0,368.5546,420,2026-08-28 16:00:00
483,22,5,500.0,900.955,880,2026-08-28 16:00:00
484,20,19,110.0,88.810545,92,2026-08-28 16:00:00
485,116,5,160.0,873.349688,880,2026-08-28 16:00:00
486,148,1,375.0,186.373547,190,2026-08-28 16:00:00
487,110,12,400.0,529.67,520,2026-08-28 16:00:00
488,106,4,60.0,242.768667,185,2026-08-28 16:00:00
489,106,13,75.0,110.0508,112,2026-08-28 16:00:00
490,9,1,585.0,189.772393,190,2026-08-28 16:00:00
491,45,13,250.0,116.545,112,2026-08-28 16:00:00
492,83,7,1020.0,200.564118,198,2026-08-28 16:00:00
493,48,8,1875.0,453.280715,450,2026-08-28 16:00:00
494,32,4,275.0,188.431164,185,2026-08-28 16:00:00
495,42,6,15.0,541.898667,510,2026-08-28 16:00:00
496,30,7,-100.0,232.2348,198,2026-08-28 16:00:00
497,112,17,-125.0,204.72496,205,2026-08-28 16:00:00
498,155,17,-65.0,205.910769,205,2026-08-28 16:00:00
499,3,11,75.0,156.224133,155,2026-08-28 16:00:00
500,112,11,90.0,155.87,155,2026-08-28 16:00:00
501,6,10,975.0,271.345067,275,2026-08-28 16:00:00
502,27,11,750.0,151.307733,155,2026-08-28 16:00:00
503,20,9,325.0,91.534862,97,2026-08-28 16:00:00
504,123,16,-1100.0,448.506555,450,2026-08-28 16:00:00
505,16,7,125.0,201.342,198,2026-08-28 16:00:00
506,40,17,50.0,202.2918,205,2026-08-28 16:00:00
507,62,1,-615.0,189.23574,190,2026-08-28 16:00:00
508,86,2,385.0,421.673636,420,2026-08-28 16:00:00
509,111,4,25.0,240.3784,185,2026-08-28 16:00:00
510,101,13,1115.0,110.905022,112,2026-08-28 16:00:00
511,26,10,850.0,279.6772,275,2026-08-28 16:00:00
512,124,4,-515.0,186.238097,185,2026-08-28 16:00:00
513,28,9,-193.0,96.387565,97,2026-08-28 16:00:00
514,88,20,1050.0,75.864124,77,2026-08-28 16:00:00
515,13,9,535.0,96.324318,97,2026-08-28 16:00:00
516,64,13,125.0,112.77704,112,2026-08-28 16:00:00
517,35,14,150.0,165.058333,155,2026-08-28 16:00:00
518,120,12,365.0,511.594658,520,2026-08-28 16:00:00
519,14,3,-15.0,205.843333,165,2026-08-28 16:00:00
520,35,8,525.0,456.307619,450,2026-08-28 16:00:00
521,122,1,350.0,191.381143,190,2026-08-28 16:00:00
522,118,4,-75.0,194.3144,185,2026-08-28 16:00:00
523,54,12,325.0,517.346708,520,2026-08-28 16:00:00
524,97,16,1110.0,450.820324,450,2026-08-28 16:00:00
525,128,16,-250.0,450.167,450,2026-08-28 16:00:00
526,52,6,150.0,506.872467,510,2026-08-28 16:00:00
527,48,17,-400.0,206.95875,205,2026-08-28 16:00:00
528,60,2,776.0,420.12567,420,2026-08-28 16:00:00
529,133,20,1125.0,76.98944,77,2026-08-28 16:00:00
530,61,16,650.0,450.734615,450,2026-08-28 16:00:00
531,111,16,-25.0,448.3224,450,2026-08-28 16:00:00
532,142,16,238.0,454.460504,450,2026-08-28 16:00:00
533,15,8,125.0,456.1716,450,2026-08-28 16:00:00
534,139,17,125.0,230.29296,205,2026-08-28 16:00:00
535,96,5,85.0,911.966706,880,2026-08-28 16:00:00
536,53,13,715.0,112.030699,112,2026-08-28 16:00:00
537,71,3,190.0,160.088947,165,2026-08-28 16:00:00
538,83,9,815.0,97.098552,97,2026-08-28 16:00:00
539,67,16,10.0,355.974,450,2026-08-28 16:00:00
540,66,1,1400.0,190.256564,190,2026-08-28 16:00:00
541,81,17,475.0,204.070989,205,2026-08-28 16:00:00
542,141,14,1275.0,154.856565,155,2026-08-28 16:00:00
543,60,15,1775.0,525.029296,530,2026-08-28 16:00:00
544,138,8,460.0,449.633696,450,2026-08-28 16:00:00
545,47,15,800.0,533.29625,530,2026-08-28 16:00:00
546,100,14,840.0,156.66356,155,2026-08-28 16:00:00
547,123,5,1465.0,873.518669,880,2026-08-28 16:00:00
548,60,10,-25.0,218.4444,275,2026-08-28 16:00:00
549,95,7,-5.0,226.19,198,2026-08-28 16:00:00
550,10,14,585.0,153.292017,155,2026-08-28 16:00:00
551,51,9,825.0,96.097333,97,2026-08-28 16:00:00
552,143,20,-525.0,78.042857,77,2026-08-28 16:00:00
553,101,20,325.0,75.522277,77,2026-08-28 16:00:00
554,33,16,-170.0,439.657059,450,2026-08-28 16:00:00
555,138,7,20.0,199.63,198,2026-08-28 16:00:00
556,135,4,50.0,182.45,185,2026-08-28 16:00:00
557,103,5,790.0,871.791899,880,2026-08-28 16:00:00
558,98,1,640.0,187.075328,190,2026-08-28 16:00:00
559,37,13,335.0,112.784776,112,2026-08-28 16:00:00
560,105,1,-56.0,151.699464,190,2026-08-28 16:00:00
561,97,5,550.0,882.433709,880,2026-08-28 16:00:00
562,31,14,1200.0,154.529375,155,2026-08-28 16:00:00
563,25,18,1050.0,215.954457,215,2026-08-28 16:00:00
564,160,13,225.0,112.285556,112,2026-08-28 16:00:00
565,83,3,-35.0,191.920286,165,2026-08-28 16:00:00
566,91,10,265.0,269.54683,275,2026-08-28 16:00:00
567,94,15,175.0,521.054971,530,2026-08-28 16:00:00
568,156,9,240.0,100.502417,97,2026-08-28 16:00:00
569,122,18,-140.0,204.24,215,2026-08-28 16:00:00
570,38,9,775.0,96.167935,97,2026-08-28 16:00:00
571,56,12,125.0,527.744,520,2026-08-28 16:00:00
572,81,14,270.0,155.252778,155,2026-08-28 16:00:00
573,142,9,-150.0,98.918533,97,2026-08-28 16:00:00
574,122,8,275.0,453.106909,450,2026-08-28 16:00:00
575,148,13,800.0,113.0725,112,2026-08-28 16:00:00
576,55,16,20.0,347.28,450,2026-08-28 16:00:00
577,153,13,77.0,114.562468,112,2026-08-28 16:00:00
578,20,8,310.0,457.954645,450,2026-08-28 16:00:00
579,9,9,570.0,98.59186,97,2026-08-28 16:00:00
580,130,13,-115.0,113.795478,112,2026-08-28 16:00:00
581,86,18,185.0,208.18627,215,2026-08-28 16:00:00
582,139,9,700.0,95.755257,97,2026-08-28 16:00:00
583,87,10,100.0,281.7521,275,2026-08-28 16:00:00
584,13,12,-475.0,524.921937,520,2026-08-28 16:00:00
585,85,18,125.0,212.26856,215,2026-08-28 16:00:00
586,120,1,915.0,189.954186,190,2026-08-28 16:00:00
587,28,11,810.0,154.856852,155,2026-08-28 16:00:00
588,119,6,375.0,503.794027,510,2026-08-28 16:00:00
589,118,8,1025.0,455.060527,450,2026-08-28 16:00:00
590,2,2,-50.0,400.8136,420,2026-08-28 16:00:00
591,113,14,985.0,153.935888,155,2026-08-28 16:00:00
592,19,15,885.0,523.06896,530,2026-08-28 16:00:00
593,38,17,275.0,204.606364,205,2026-08-28 16:00:00
594,133,13,360.0,111.579333,112,2026-08-28 16:00:00
595,45,16,335.0,451.681433,450,2026-08-28 16:00:00
596,146,1,620.0,194.210677,190,2026-08-28 16:00:00
597,15,15,-100.0,603.5248,530,2026-08-28 16:00:00
598,17,5,-85.0,918.692588,880,2026-08-28 16:00:00
599,51,4,675.0,188.310874,185,2026-08-28 16:00:00
600,65,14,550.0,154.181818,155,2026-08-28 16:00:00
601,129,10,865.0,277.188855,275,2026-08-28 16:00:00
602,79,11,25.0,158.22,155,2026-08-28 16:00:00
603,133,16,825.0,447.171515,450,2026-08-28 16:00:00
604,116,10,240.0,274.700833,275,2026-08-28 16:00:00
605,54,9,1225.0,97.067551,97,2026-08-28 16:00:00
606,28,3,-375.0,171.58456,165,2026-08-28 16:00:00
607,83,15,50.0,522.54,530,2026-08-28 16:00:00
608,136,2,550.0,418.080327,420,2026-08-28 16:00:00
609,23,19,887.0,92.76133,92,2026-08-28 16:00:00
610,87,15,315.0,532.112222,530,2026-08-28 16:00:00
611,58,19,450.0,92.186356,92,2026-08-28 16:00:00
612,33,18,1025.0,218.276098,215,2026-08-28 16:00:00
613,32,13,365.0,107.416274,112,2026-08-28 16:00:00
614,149,17,675.0,207.197778,205,2026-08-28 16:00:00
615,131,4,-1050.0,184.884762,185,2026-08-28 16:00:00
616,100,16,360.0,457.903333,450,2026-08-28 16:00:00
617,16,20,725.0,76.75069,77,2026-08-28 16:00:00
618,79,13,-65.0,115.562923,112,2026-08-28 16:00:00
619,1,10,-75.0,293.397867,275,2026-08-28 16:00:00
620,51,5,800.0,860.564938,880,2026-08-28 16:00:00
621,47,1,200.0,191.0825,190,2026-08-28 16:00:00
622,117,20,225.0,76.796622,77,2026-08-28 16:00:00
623,33,4,210.0,184.384048,185,2026-08-28 16:00:00
624,50,5,435.0,883.787448,880,2026-08-28 16:00:00
625,43,12,385.0,520.834052,520,2026-08-28 16:00:00
626,80,7,-50.0,193.711,198,2026-08-28 16:00:00
627,80,17,-75.0,216.354933,205,2026-08-28 16:00:00
628,70,2,465.0,419.125849,420,2026-08-28 16:00:00
629,155,20,160.0,76.2425,77,2026-08-28 16:00:00
630,92,3,1160.0,166.824181,165,2026-08-28 16:00:00
631,97,20,615.0,77.699496,77,2026-08-28 16:00:00
632,108,13,-425.0,113.251553,112,2026-08-28 16:00:00
633,146,6,200.0,519.455,510,2026-08-28 16:00:00
634,82,10,566.0,269.950919,275,2026-08-28 16:00:00
635,83,1,125.0,185.23064,190,2026-08-28 16:00:00
636,57,8,190.0,446.516421,450,2026-08-28 16:00:00
637,50,14,215.0,153.239023,155,2026-08-28 16:00:00
638,35,11,-50.0,159.7126,155,2026-08-28 16:00:00
639,58,15,-500.0,527.81,530,2026-08-28 16:00:00
640,85,8,75.0,418.056267,450,2026-08-28 16:00:00
641,64,20,225.0,79.248889,77,2026-08-28 16:00:00
642,36,11,600.0,156.71365,155,2026-08-28 16:00:00
643,46,17,-310.0,211.446161,205,2026-08-28 16:00:00
644,157,11,191.0,136.53267,155,2026-08-28 16:00:00
645,126,4,10.0,291.06,185,2026-08-28 16:00:00
646,139,6,35.0,491.354286,510,2026-08-28 16:00:00
647,53,4,285.0,185.594912,185,2026-08-28 16:00:00
648,53,9,650.0,96.936246,97,2026-08-28 16:00:00
649,30,4,1175.0,184.736732,185,2026-08-28 16:00:00
650,102,7,675.0,195.016474,198,2026-08-28 16:00:00
651,62,14,550.0,156.1136,155,2026-08-28 16:00:00
652,4,5,235.0,880.442426,880,2026-08-28 16:00:00
653,63,20,260.0,74.789231,77,2026-08-28 16:00:00
654,60,1,393.0,188.468346,190,2026-08-28 16:00:00
655,73,20,1025.0,76.818644,77,2026-08-28 16:00:00
656,37,10,385.0,276.809143,275,2026-08-28 16:00:00
657,56,7,485.0,198.879938,198,2026-08-28 16:00:00
658,106,2,425.0,429.540047,420,2026-08-28 16:00:00
659,115,16,325.0,444.199169,450,2026-08-28 16:00:00
660,6,19,1085.0,93.047318,92,2026-08-28 16:00:00
661,91,20,310.0,76.159903,77,2026-08-28 16:00:00
662,62,10,125.0,270.73352,275,2026-08-28 16:00:00
663,78,13,90.0,113.711111,112,2026-08-28 16:00:00
664,67,18,1065.0,219.531174,215,2026-08-28 16:00:00
665,63,3,585.0,163.675487,165,2026-08-28 16:00:00
666,50,16,795.0,445.975145,450,2026-08-28 16:00:00
667,148,7,560.0,202.574732,198,2026-08-28 16:00:00
668,62,17,625.0,207.475856,205,2026-08-28 16:00:00
669,21,15,525.0,537.472514,530,2026-08-28 16:00:00
670,81,18,400.0,219.54,215,2026-08-28 16:00:00
671,98,5,725.0,892.195517,880,2026-08-28 16:00:00
672,156,10,950.0,276.685526,275,2026-08-28 16:00:00
673,17,1,850.0,186.127682,190,2026-08-28 16:00:00
674,59,19,700.0,93.0046,92,2026-08-28 16:00:00
675,81,20,275.0,76.856364,77,2026-08-28 16:00:00
676,3,10,1035.0,277.8123,275,2026-08-28 16:00:00
677,97,18,825.0,210.200545,215,2026-08-28 16:00:00
678,128,3,535.0,167.720467,165,2026-08-28 16:00:00
679,14,8,-340.0,445.827765,450,2026-08-28 16:00:00
680,127,1,130.0,192.541538,190,2026-08-28 16:00:00
681,101,4,1150.0,186.721087,185,2026-08-28 16:00:00
682,8,20,235.0,77.595957,77,2026-08-28 16:00:00
683,72,14,50.0,151.61,155,2026-08-28 16:00:00
684,122,6,650.0,519.181538,510,2026-08-28 16:00:00
685,8,2,-525.0,432.308438,420,2026-08-28 16:00:00
686,61,15,810.0,517.2,530,2026-08-28 16:00:00
687,142,18,-10.0,203.28,215,2026-08-28 16:00:00
688,139,14,235.0,159.314596,155,2026-08-28 16:00:00
689,141,6,1775.0,505.095775,510,2026-08-28 16:00:00
690,28,8,660.0,452.833121,450,2026-08-28 16:00:00
691,31,7,300.0,195.2602,198,2026-08-28 16:00:00
692,126,2,775.0,431.922748,420,2026-08-28 16:00:00
693,7,13,510.0,110.012804,112,2026-08-28 16:00:00
694,62,20,75.0,78.293733,77,2026-08-28 16:00:00
695,20,7,-690.0,193.503536,198,2026-08-28 16:00:00
696,143,14,725.0,154.576179,155,2026-08-28 16:00:00
697,18,6,75.0,458.98,510,2026-08-28 16:00:00
698,135,9,1225.0,97.352041,97,2026-08-28 16:00:00
699,131,5,235.0,900.344894,880,2026-08-28 16:00:00
700,83,13,1090.0,112.855321,112,2026-08-28 16:00:00
701,121,17,658.0,202.671702,205,2026-08-28 16:00:00
702,132,8,1450.0,452.45569,450,2026-08-28 16:00:00
703,157,5,725.0,872.047503,880,2026-08-28 16:00:00
704,87,6,500.0,512.5895,510,2026-08-28 16:00:00
705,101,1,725.0,189.300372,190,2026-08-28 16:00:00
706,16,1,1175.0,192.535319,190,2026-08-28 16:00:00
707,6,18,750.0,215.59,215,2026-08-28 16:00:00
708,21,14,615.0,156.028683,155,2026-08-28 16:00:00
709,156,7,50.0,197.6418,198,2026-08-28 16:00:00
710,90,8,300.0,454.7747,450,2026-08-28 16:00:00
711,74,18,-228.0,219.066579,215,2026-08-28 16:00:00
712,142,12,575.0,522.951739,520,2026-08-28 16:00:00
713,35,6,1800.0,510.35485,510,2026-08-28 16:00:00
714,65,17,150.0,206.493333,205,2026-08-28 16:00:00
715,97,10,710.0,274.537254,275,2026-08-28 16:00:00
716,113,9,1485.0,95.240566,97,2026-08-28 16:00:00
717,90,15,-390.0,548.589077,530,2026-08-28 16:00:00
718,130,6,-265.0,486.607736,510,2026-08-28 16:00:00
719,84,10,1385.0,276.640931,275,2026-08-28 16:00:00
720,97,11,-150.0,158.426133,155,2026-08-28 16:00:00
721,110,18,110.0,217.955,215,2026-08-28 16:00:00
722,30,3,545.0,169.055505,165,2026-08-28 16:00:00
723,40,19,575.0,91.174104,92,2026-08-28 16:00:00
724,108,19,2800.0,92.274404,92,2026-08-28 16:00:00
725,86,12,240.0,519.53275,520,2026-08-28 16:00:00
726,152,13,265.0,112.696377,112,2026-08-28 16:00:00
727,121,6,945.0,515.011587,510,2026-08-28 16:00:00
728,158,1,-425.0,185.9648,190,2026-08-28 16:00:00
729,25,16,675.0,449.424326,450,2026-08-28 16:00:00
730,80,11,785.0,156.029541,155,2026-08-28 16:00:00
731,62,16,200.0,446.9466,450,2026-08-28 16:00:00
732,119,13,1095.0,112.808338,112,2026-08-28 16:00:00
733,52,7,950.0,199.751368,198,2026-08-28 16:00:00
734,122,14,550.0,152.881727,155,2026-08-28 16:00:00
735,2,17,-115.0,218.294261,205,2026-08-28 16:00:00
736,6,4,560.0,181.015232,185,2026-08-28 16:00:00
737,80,18,625.0,218.33456,215,2026-08-28 16:00:00
738,32,17,-15.0,96.906,205,2026-08-28 16:00:00
739,23,3,260.0,172.073269,165,2026-08-28 16:00:00
740,107,1,235.0,192.729489,190,2026-08-28 16:00:00
741,82,8,520.0,448.375,450,2026-08-28 16:00:00
742,72,11,350.0,149.697143,155,2026-08-28 16:00:00
743,135,20,220.0,76.767682,77,2026-08-28 16:00:00
744,139,3,283.0,161.150742,165,2026-08-28 16:00:00
745,48,19,-190.0,93.235789,92,2026-08-28 16:00:00
746,134,9,350.0,98.770057,97,2026-08-28 16:00:00
747,152,14,725.0,157.054855,155,2026-08-28 16:00:00
748,148,6,20.0,498.6205,510,2026-08-28 16:00:00
749,133,9,-525.0,98.68741,97,2026-08-28 16:00:00
750,4,16,310.0,448.62,450,2026-08-28 16:00:00
751,113,5,50.0,952.3896,880,2026-08-28 16:00:00
752,17,19,175.0,91.390629,92,2026-08-28 16:00:00
753,84,18,-90.0,199.994,215,2026-08-28 16:00:00
754,145,19,65.0,91.221538,92,2026-08-28 16:00:00
755,54,3,860.0,163.634512,165,2026-08-28 16:00:00
756,2,16,-50.0,415.0346,450,2026-08-28 16:00:00
757,25,19,250.0,92.286,92,2026-08-28 16:00:00
758,58,20,790.0,76.179367,77,2026-08-28 16:00:00
759,108,4,750.0,186.127,185,2026-08-28 16:00:00
760,152,19,1050.0,91.840476,92,2026-08-28 16:00:00
761,138,15,585.0,520.011026,530,2026-08-28 16:00:00
762,60,5,1275.0,873.229804,880,2026-08-28 16:00:00
763,118,6,785.0,516.854904,510,2026-08-28 16:00:00
764,67,6,575.0,519.45113,510,2026-08-28 16:00:00
765,154,2,385.0,392.939532,420,2026-08-28 16:00:00
766,61,14,485.0,155.042433,155,2026-08-28 16:00:00
767,121,2,-5.0,871.506,420,2026-08-28 16:00:00
768,13,4,685.0,185.73765,185,2026-08-28 16:00:00
769,136,3,-925.0,167.296941,165,2026-08-28 16:00:00
770,63,14,550.0,154.247945,155,2026-08-28 16:00:00
771,27,3,525.0,164.352095,165,2026-08-28 16:00:00
772,11,14,160.0,146.938438,155,2026-08-28 16:00:00
773,86,16,310.0,445.205871,450,2026-08-28 16:00:00
774,74,4,-385.0,182.824805,185,2026-08-28 16:00:00
775,156,20,-55.0,68.432364,77,2026-08-28 16:00:00
776,11,12,725.0,530.333793,520,2026-08-28 16:00:00
777,110,1,625.0,193.8036,190,2026-08-28 16:00:00
778,66,11,150.0,160.406267,155,2026-08-28 16:00:00
779,68,10,1860.0,275.912462,275,2026-08-28 16:00:00
780,60,12,660.0,522.762955,520,2026-08-28 16:00:00
781,116,9,560.0,95.049786,97,2026-08-28 16:00:00
782,38,18,25.0,225.32,215,2026-08-28 16:00:00
783,45,7,750.0,195.542267,198,2026-08-28 16:00:00
784,118,14,400.0,154.268125,155,2026-08-28 16:00:00
785,1,12,250.0,511.537,520,2026-08-28 16:00:00
786,19,7,60.0,193.805333,198,2026-08-28 16:00:00
787,103,18,885.0,218.802994,215,2026-08-28 16:00:00
788,112,20,-100.0,82.8401,77,2026-08-28 16:00:00
789,106,5,120.0,858.443333,880,2026-08-28 16:00:00
790,104,14,275.0,155.2652,155,2026-08-28 16:00:00
791,18,9,225.0,99.338667,97,2026-08-28 16:00:00
792,52,12,1037.0,512.387608,520,2026-08-28 16:00:00
793,34,15,150.0,530.981267,530,2026-08-28 16:00:00
794,149,11,660.0,158.752379,155,2026-08-28 16:00:00
795,24,16,575.0,444.389809,450,2026-08-28 16:00:00
796,132,6,260.0,508.122115,510,2026-08-28 16:00:00
797,139,5,375.0,883.148667,880,2026-08-28 16:00:00
798,139,15,175.0,533.5756,530,2026-08-28 16:00:00
799,143,19,375.0,92.73144,92,2026-08-28 16:00:00
800,155,8,600.0,438.646667,450,2026-08-28 16:00:00
801,73,12,765.0,522.653333,520,2026-08-28 16:00:00
802,39,20,-500.0,75.74014,77,2026-08-28 16:00:00
803,95,2,1050.0,417.989124,420,2026-08-28 16:00:00
804,96,9,-25.0,87.1404,97,2026-08-28 16:00:00
805,137,19,135.0,91.336148,92,2026-08-28 16:00:00
806,46,11,-50.0,161.135,155,2026-08-28 16:00:00
807,74,9,900.0,96.9183,97,2026-08-28 16:00:00
808,149,8,150.0,452.572133,450,2026-08-28 16:00:00
809,39,4,525.0,185.154895,185,2026-08-28 16:00:00
810,155,5,825.0,897.462485,880,2026-08-28 16:00:00
811,35,1,685.0,188.018555,190,2026-08-28 16:00:00
812,54,1,225.0,193.381111,190,2026-08-28 16:00:00
813,159,16,753.0,448.441501,450,2026-08-28 16:00:00
814,24,2,237.0,419.641224,420,2026-08-28 16:00:00
815,104,17,140.0,211.929,205,2026-08-28 16:00:00
816,147,2,-25.0,481.852,420,2026-08-28 16:00:00
817,118,7,90.0,200.650889,198,2026-08-28 16:00:00
818,20,10,-225.0,311.845111,275,2026-08-28 16:00:00
819,69,14,-538.0,148.946208,155,2026-08-28 16:00:00
820,150,15,-300.0,506.4636,530,2026-08-28 16:00:00
821,84,5,185.0,884.442811,880,2026-08-28 16:00:00
822,126,20,335.0,75.608955,77,2026-08-28 16:00:00
823,52,1,400.0,189.034275,190,2026-08-28 16:00:00
824,90,1,225.0,189.011111,190,2026-08-28 16:00:00
825,4,6,-515.0,516.987689,510,2026-08-28 16:00:00
826,148,11,450.0,154.206422,155,2026-08-28 16:00:00
827,128,1,135.0,186.976444,190,2026-08-28 16:00:00
828,111,14,625.0,155.94152,155,2026-08-28 16:00:00
829,57,10,760.0,280.683487,275,2026-08-28 16:00:00
830,32,2,110.0,444.573182,420,2026-08-28 16:00:00
831,133,4,25.0,190.2296,185,2026-08-28 16:00:00
832,21,2,125.0,422.87504,420,2026-08-28 16:00:00
833,136,12,315.0,474.120444,520,2026-08-28 16:00:00
834,66,14,900.0,156.1677,155,2026-08-28 16:00:00
835,27,14,275.0,158.247455,155,2026-08-28 16:00:00
836,152,20,-55.0,59.595273,77,2026-08-28 16:00:00
837,14,17,220.0,203.681955,205,2026-08-28 16:00:00
838,140,3,25.0,152.1864,165,2026-08-28 16:00:00
839,131,1,1425.0,191.899123,190,2026-08-28 16:00:00
840,147,15,100.0,465.975,530,2026-08-28 16:00:00
841,49,13,200.0,111.90165,112,2026-08-28 16:00:00
842,130,5,-110.0,915.106636,880,2026-08-28 16:00:00
843,87,4,1125.0,182.021493,185,2026-08-28 16:00:00
844,137,17,50.0,189.588,205,2026-08-28 16:00:00
845,6,20,866.0,78.277818,77,2026-08-28 16:00:00
846,78,16,350.0,449.757686,450,2026-08-28 16:00:00
847,121,16,185.0,458.325135,450,2026-08-28 16:00:00
848,84,11,300.0,160.8425,155,2026-08-28 16:00:00
849,12,12,625.0,519.018144,520,2026-08-28 16:00:00
850,132,19,610.0,92.606803,92,2026-08-28 16:00:00
851,65,6,1020.0,500.146049,510,2026-08-28 16:00:00
852,67,13,200.0,110.84,112,2026-08-28 16:00:00
853,3,14,1250.0,152.86452,155,2026-08-28 16:00:00
854,24,12,1625.0,515.654578,520,2026-08-28 16:00:00
855,88,8,25.0,482.2172,450,2026-08-28 16:00:00
856,143,8,775.0,443.636774,450,2026-08-28 16:00:00
857,29,5,-700.0,864.839443,880,2026-08-28 16:00:00
858,53,8,215.0,442.091907,450,2026-08-28 16:00:00
859,4,18,-415.0,215.126,215,2026-08-28 16:00:00
860,129,5,225.0,893.612222,880,2026-08-28 16:00:00
861,113,16,200.0,445.76,450,2026-08-28 16:00:00
862,54,18,450.0,208.024667,215,2026-08-28 16:00:00
863,32,5,1765.0,882.773462,880,2026-08-28 16:00:00
864,123,4,730.0,181.574795,185,2026-08-28 16:00:00
865,45,9,1310.0,97.035389,97,2026-08-28 16:00:00
866,1,1,-250.0,193.29304,190,2026-08-28 16:00:00
867,99,4,500.0,183.4915,185,2026-08-28 16:00:00
868,131,2,140.0,416.199643,420,2026-08-28 16:00:00
869,118,13,275.0,113.414545,112,2026-08-28 16:00:00
870,4,13,1120.0,113.252857,112,2026-08-28 16:00:00
871,100,20,675.0,77.910059,77,2026-08-28 16:00:00
872,148,18,450.0,217.295267,215,2026-08-28 16:00:00
873,48,3,-540.0,163.713407,165,2026-08-28 16:00:00
874,116,2,350.0,421.028571,420,2026-08-28 16:00:00
875,33,12,-215.0,523.103953,520,2026-08-28 16:00:00
876,35,9,385.0,94.294675,97,2026-08-28 16:00:00
877,1,20,360.0,77.183889,77,2026-08-28 16:00:00
878,35,7,366.0,198.31929,198,2026-08-28 16:00:00
879,144,11,700.0,154.058014,155,2026-08-28 16:00:00
880,160,17,678.0,205.854602,205,2026-08-28 16:00:00
881,47,3,1800.0,163.099028,165,2026-08-28 16:00:00
882,115,7,450.0,198.836333,198,2026-08-28 16:00:00
883,104,5,915.0,897.065639,880,2026-08-28 16:00:00
884,153,2,1075.0,412.50413,420,2026-08-28 16:00:00
885,100,4,-250.0,183.97884,185,2026-08-28 16:00:00
886,95,8,-150.0,450.150333,450,2026-08-28 16:00:00
887,26,15,510.0,528.983824,530,2026-08-28 16:00:00
888,160,7,25.0,191.152,198,2026-08-28 16:00:00
889,17,3,400.0,166.071175,165,2026-08-28 16:00:00
890,96,19,335.0,91.004776,92,2026-08-28 16:00:00
891,141,2,275.0,411.614,420,2026-08-28 16:00:00
892,79,19,520.0,92.663904,92,2026-08-28 16:00:00
893,3,3,-80.0,164.960125,165,2026-08-28 16:00:00
894,39,8,175.0,446.726571,450,2026-08-28 16:00:00
895,86,19,175.0,92.057829,92,2026-08-28 16:00:00
896,156,6,975.0,515.949231,510,2026-08-28 16:00:00
897,151,11,225.0,152.4676,155,2026-08-28 16:00:00
898,56,3,10.0,122.83,165,2026-08-28 16:00:00
899,44,16,1375.0,454.029091,450,2026-08-28 16:00:00
900,55,5,200.0,861.91415,880,2026-08-28 16:00:00
901,51,1,835.0,189.718575,190,2026-08-28 16:00:00
902,42,20,835.0,76.452359,77,2026-08-28 16:00:00
903,99,8,225.0,439.258178,450,2026-08-28 16:00:00
904,101,7,-175.0,208.909257,198,2026-08-28 16:00:00
905,31,3,-140.0,171.062643,165,2026-08-28 16:00:00
906,137,16,-150.0,434.755,450,2026-08-28 16:00:00
907,62,5,250.0,884.4458,880,2026-08-28 16:00:00
908,136,16,790.0,447.121405,450,2026-08-28 16:00:00
909,86,7,210.0,199.70919,198,2026-08-28 16:00:00
910,147,11,295.0,139.662542,155,2026-08-28 16:00:00
911,4,15,150.0,516.588333,530,2026-08-28 16:00:00
912,43,5,-125.0,823.79432,880,2026-08-28 16:00:00
913,69,16,-140.0,489.024714,450,2026-08-28 16:00:00
914,148,14,720.0,152.46375,155,2026-08-28 16:00:00
915,113,18,1766.0,217.818431,215,2026-08-28 16:00:00
916,119,7,310.0,198.983871,198,2026-08-28 16:00:00
917,32,7,190.0,194.366579,198,2026-08-28 16:00:00
918,91,8,200.0,460.5304,450,2026-08-28 16:00:00
919,144,6,250.0,502.50664,510,2026-08-28 16:00:00
920,46,12,-55.0,512.882,520,2026-08-28 16:00:00
921,137,2,-540.0,429.383074,420,2026-08-28 16:00:00
922,146,15,-125.0,546.06864,530,2026-08-28 16:00:00
923,8,15,-125.0,518.88136,530,2026-08-28 16:00:00
924,123,1,-210.0,187.946667,190,2026-08-28 16:00:00
925,53,2,75.0,459.166667,420,2026-08-28 16:00:00
926,66,3,200.0,165.20215,165,2026-08-28 16:00:00
927,152,11,1125.0,155.04112,155,2026-08-28 16:00:00
928,87,16,495.0,445.777172,450,2026-08-28 16:00:00
929,142,10,325.0,265.797754,275,2026-08-28 16:00:00
930,105,6,225.0,532.668444,510,2026-08-28 16:00:00
931,107,17,-450.0,202.157556,205,2026-08-28 16:00:00
932,125,15,60.0,520.4795,530,2026-08-28 16:00:00
933,6,8,1075.0,450.726037,450,2026-08-28 16:00:00
934,123,20,375.0,78.254693,77,2026-08-28 16:00:00
935,143,9,185.0,98.604595,97,2026-08-28 16:00:00
936,67,14,450.0,154.071111,155,2026-08-28 16:00:00
937,87,17,75.0,168.854667,205,2026-08-28 16:00:00
938,48,4,1575.0,185.071111,185,2026-08-28 16:00:00
939,67,19,-205.0,85.029805,92,2026-08-28 16:00:00
940,6,6,-405.0,513.334938,510,2026-08-28 16:00:00
941,41,20,585.0,78.472906,77,2026-08-28 16:00:00
942,103,12,1145.0,531.576323,520,2026-08-28 16:00:00
943,140,14,650.0,154.668554,155,2026-08-28 16:00:00
944,1,2,-1490.0,422.854208,420,2026-08-28 16:00:00
945,80,4,250.0,181.03488,185,2026-08-28 16:00:00
946,63,17,500.0,206.177,205,2026-08-28 16:00:00
947,59,6,-235.0,497.633021,510,2026-08-28 16:00:00
948,104,6,265.0,512.458113,510,2026-08-28 16:00:00
949,156,5,425.0,899.217318,880,2026-08-28 16:00:00
950,104,16,1125.0,446.795244,450,2026-08-28 16:00:00
951,33,15,325.0,530.643908,530,2026-08-28 16:00:00
952,39,13,10.0,82.747,112,2026-08-28 16:00:00
953,88,11,705.0,151.71305,155,2026-08-28 16:00:00
954,109,19,-490.0,89.26,92,2026-08-28 16:00:00
955,159,19,365.0,92.938986,92,2026-08-28 16:00:00
956,138,18,740.0,211.033824,215,2026-08-28 16:00:00
957,70,18,370.0,214.537027,215,2026-08-28 16:00:00
958,4,2,867.0,416.887451,420,2026-08-28 16:00:00
959,100,10,695.0,280.487842,275,2026-08-28 16:00:00
960,34,20,25.0,82.122,77,2026-08-28 16:00:00
961,30,11,-140.0,158.365,155,2026-08-28 16:00:00
962,56,10,650.0,279.915769,275,2026-08-28 16:00:00
963,84,6,235.0,509.948936,510,2026-08-28 16:00:00
964,15,1,100.0,191.4716,190,2026-08-28 16:00:00
965,41,14,-115.0,147.136087,155,2026-08-28 16:00:00
966,26,13,1075.0,113.523135,112,2026-08-28 16:00:00
967,67,15,485.0,535.206351,530,2026-08-28 16:00:00
968,31,12,610.0,516.509361,520,2026-08-28 16:00:00
969,52,8,1550.0,449.668806,450,2026-08-28 16:00:00
970,81,6,-150.0,508.79,510,2026-08-28 16:00:00
971,58,7,185.0,200.588108,198,2026-08-28 16:00:00
972,10,4,-15.0,167.611333,185,2026-08-28 16:00:00
973,139,20,110.0,80.069545,77,2026-08-28 16:00:00
974,118,19,660.0,90.773455,92,2026-08-28 16:00:00
975,119,18,300.0,216.871667,215,2026-08-28 16:00:00
976,56,1,1750.0,188.184326,190,2026-08-28 16:00:00
977,33,19,450.0,92.288889,92,2026-08-28 16:00:00
978,84,2,875.0,419.074091,420,2026-08-28 16:00:00
979,154,13,-615.0,110.823089,112,2026-08-28 16:00:00
980,86,13,720.0,111.044528,112,2026-08-28 16:00:00
981,41,18,512.0,215.412852,215,2026-08-28 16:00:00
982,72,20,350.0,77.286371,77,2026-08-28 16:00:00
983,6,14,95.0,161.652632,155,2026-08-28 16:00:00
984,121,15,65.0,534.382,530,2026-08-28 16:00:00
985,37,9,475.0,98.2928,97,2026-08-28 16:00:00
986,115,6,150.0,517.87,510,2026-08-28 16:00:00
987,140,19,-150.0,87.261667,92,2026-08-28 16:00:00
988,158,15,1872.0,525.826501,530,2026-08-28 16:00:00
989,117,9,625.0,98.7376,97,2026-08-28 16:00:00
990,90,4,-525.0,189.428171,185,2026-08-28 16:00:00
991,110,17,700.0,204.319857,205,2026-08-28 16:00:00
992,51,11,70.0,139.655429,155,2026-08-28 16:00:00
993,38,1,350.0,186.490257,190,2026-08-28 16:00:00
994,157,1,650.0,190.859431,190,2026-08-28 16:00:00
995,61,5,-310.0,873.779677,880,2026-08-28 16:00:00
996,100,8,600.0,446.259333,450,2026-08-28 16:00:00
997,82,3,335.0,164.061045,165,2026-08-28 16:00:00
998,62,9,85.0,101.792941,97,2026-08-28 16:00:00
999,141,5,225.0,833.438756,880,2026-08-28 16:00:00
1000,101,5,785.0,869.536204,880,2026-08-28 16:00:00
1001,30,2,10.0,414.04,420,2026-08-28 16:00:00
1002,23,6,300.0,517.2156,510,2026-08-28 16:00:00
1003,99,1,110.0,192.196909,190,2026-08-28 16:00:00
1004,22,16,250.0,419.872,450,2026-08-28 16:00:00
1005,100,12,-25.0,428.092,520,2026-08-28 16:00:00
1006,21,6,635.0,504.965906,510,2026-08-28 16:00:00
1007,129,17,100.0,205.205,205,2026-08-28 16:00:00
1008,64,1,715.0,188.587231,190,2026-08-28 16:00:00
1009,26,19,515.0,94.408136,92,2026-08-28 16:00:00
1010,130,9,170.0,84.306529,97,2026-08-28 16:00:00
1011,134,1,425.0,187.672118,190,2026-08-28 16:00:00
1012,99,9,1225.0,96.942449,97,2026-08-28 16:00:00
1013,12,17,-75.0,226.779067,205,2026-08-28 16:00:00
1014,4,11,260.0,154.352538,155,2026-08-28 16:00:00
1015,109,4,660.0,183.232121,185,2026-08-28 16:00:00
1016,88,12,475.0,514.974211,520,2026-08-28 16:00:00
1017,124,18,-400.0,212.052025,215,2026-08-28 16:00:00
1018,129,11,925.0,153.710843,155,2026-08-28 16:00:00
1019,143,17,450.0,202.993356,205,2026-08-28 16:00:00
1020,87,7,525.0,196.857848,198,2026-08-28 16:00:00
1021,68,17,100.0,169.7,205,2026-08-28 16:00:00
1022,106,15,-915.0,524.933705,530,2026-08-28 16:00:00
1023,67,5,-50.0,838.665,880,2026-08-28 16:00:00
1024,119,12,635.0,534.140441,520,2026-08-28 16:00:00
1025,146,18,110.0,217.275545,215,2026-08-28 16:00:00
1026,2,18,-150.0,206.0256,215,2026-08-28 16:00:00
1027,145,14,-250.0,157.988,155,2026-08-28 16:00:00
1028,151,16,410.0,453.293171,450,2026-08-28 16:00:00
1029,106,1,435.0,183.91069,190,2026-08-28 16:00:00
1030,139,19,350.0,92.364457,92,2026-08-28 16:00:00
1031,85,12,1685.0,509.544712,520,2026-08-28 16:00:00
1032,89,19,960.0,91.035573,92,2026-08-28 16:00:00
1033,154,20,725.0,76.531379,77,2026-08-28 16:00:00
1034,103,9,-15.0,101.906667,97,2026-08-28 16:00:00
1035,69,11,310.0,154.729258,155,2026-08-28 16:00:00
1036,77,8,-500.0,453.41,450,2026-08-28 16:00:00
1037,129,18,-645.0,215.234744,215,2026-08-28 16:00:00
1038,51,7,-475.0,195.622779,198,2026-08-28 16:00:00
1039,135,17,-85.0,179.594118,205,2026-08-28 16:00:00
1040,4,20,135.0,76.902593,77,2026-08-28 16:00:00
1041,42,10,503.0,275.070199,275,2026-08-28 16:00:00
1042,29,14,550.0,160.766364,155,2026-08-28 16:00:00
1043,114,14,920.0,154.486772,155,2026-08-28 16:00:00
1044,71,10,975.0,273.264246,275,2026-08-28 16:00:00
1045,110,3,1190.0,161.471891,165,2026-08-28 16:00:00
1046,11,6,100.0,518.62,510,2026-08-28 16:00:00
1047,100,19,375.0,92.859893,92,2026-08-28 16:00:00
1048,72,15,-354.0,524.430734,530,2026-08-28 16:00:00
1049,25,10,400.0,274.15,275,2026-08-28 16:00:00
1050,116,16,300.0,440.699167,450,2026-08-28 16:00:00
1051,9,11,400.0,156.43625,155,2026-08-28 16:00:00
1052,36,5,1850.0,877.695951,880,2026-08-28 16:00:00
1053,103,6,435.0,493.541862,510,2026-08-28 16:00:00
1054,63,2,650.0,424.544615,420,2026-08-28 16:00:00
1055,57,4,75.0,182.647733,185,2026-08-28 16:00:00
1056,117,6,373.0,516.217936,510,2026-08-28 16:00:00
1057,87,19,-90.0,88.661111,92,2026-08-28 16:00:00
1058,121,13,400.0,112.786725,112,2026-08-28 16:00:00
1059,72,9,135.0,94.582519,97,2026-08-28 16:00:00
1060,116,13,480.0,109.077188,112,2026-08-28 16:00:00
1061,129,3,175.0,166.364286,165,2026-08-28 16:00:00
1062,127,15,610.0,534.175148,530,2026-08-28 16:00:00
1063,121,5,-175.0,891.768571,880,2026-08-28 16:00:00
1064,159,5,-140.0,897.0805,880,2026-08-28 16:00:00
1065,95,13,1725.0,112.965507,112,2026-08-28 16:00:00
1066,81,13,20.0,245.595,112,2026-08-28 16:00:00
1067,46,2,175.0,424.083829,420,2026-08-28 16:00:00
1068,71,15,545.0,528.376569,530,2026-08-28 16:00:00
1069,121,14,675.0,155.465467,155,2026-08-28 16:00:00
1070,21,18,925.0,214.180692,215,2026-08-28 16:00:00
1071,114,18,750.0,211.351333,215,2026-08-28 16:00:00
1072,61,11,1100.0,153.476491,155,2026-08-28 16:00:00
1073,71,18,575.0,212.39793,215,2026-08-28 16:00:00
1074,75,13,400.0,110.609925,112,2026-08-28 16:00:00
1075,110,9,120.0,98.3165,97,2026-08-28 16:00:00
1076,111,2,670.0,422.334284,420,2026-08-28 16:00:00
1077,155,10,-275.0,271.084691,275,2026-08-28 16:00:00
1078,85,13,850.0,110.670035,112,2026-08-28 16:00:00
1079,94,17,110.0,205.435,205,2026-08-28 16:00:00
1080,89,17,340.0,205.706471,205,2026-08-28 16:00:00
1081,68,12,810.0,516.855309,520,2026-08-28 16:00:00
1082,68,18,1075.0,211.901293,215,2026-08-28 16:00:00
1083,63,1,625.0,189.197968,190,2026-08-28 16:00:00
1084,54,19,310.0,91.785129,92,2026-08-28 16:00:00
1085,49,8,300.0,453.3475,450,2026-08-28 16:00:00
1086,142,8,75.0,418.681067,450,2026-08-28 16:00:00
1087,1,7,240.0,198.166167,198,2026-08-28 16:00:00
1088,122,10,260.0,275.9145,275,2026-08-28 16:00:00
1089,11,8,245.0,456.917959,450,2026-08-28 16:00:00
1090,27,17,60.0,188.015,205,2026-08-28 16:00:00
1091,150,18,1000.0,216.81181,215,2026-08-28 16:00:00
1092,36,7,-110.0,219.612727,198,2026-08-28 16:00:00
1093,53,15,65.0,538.219231,530,2026-08-28 16:00:00
1094,66,19,310.0,88.263065,92,2026-08-28 16:00:00
1095,2,4,1060.0,185.320698,185,2026-08-28 16:00:00
1096,127,12,-25.0,432.7788,520,2026-08-28 16:00:00
1097,132,14,520.0,155.090308,155,2026-08-28 16:00:00
1098,17,20,515.0,76.780194,77,2026-08-28 16:00:00
1099,4,10,300.0,277.656667,275,2026-08-28 16:00:00
1100,147,9,85.0,107.224706,97,2026-08-28 16:00:00
1101,60,3,-50.0,183.5478,165,2026-08-28 16:00:00
1102,121,10,890.0,271.031506,275,2026-08-28 16:00:00
1103,141,13,185.0,115.903135,112,2026-08-28 16:00:00
1104,47,19,220.0,89.8235,92,2026-08-28 16:00:00
1105,160,18,25.0,209.3032,215,2026-08-28 16:00:00
1106,7,5,145.0,888.128276,880,2026-08-28 16:00:00
1107,120,15,560.0,530.830536,530,2026-08-28 16:00:00
1108,54,15,1575.0,527.26433,530,2026-08-28 16:00:00
1109,54,17,200.0,206.01375,205,2026-08-28 16:00:00
1110,8,11,750.0,156.524667,155,2026-08-28 16:00:00
1111,58,9,-25.0,97.46,97,2026-08-28 16:00:00
1112,158,14,212.0,157.555566,155,2026-08-28 16:00:00
1113,26,11,800.0,154.776875,155,2026-08-28 16:00:00
1114,59,11,760.0,157.261539,155,2026-08-28 16:00:00
1115,110,10,535.0,278.430224,275,2026-08-28 16:00:00
1116,154,5,10.0,643.085,880,2026-08-28 16:00:00
1117,121,9,-125.0,97.95,97,2026-08-28 16:00:00
1118,152,9,825.0,96.827224,97,2026-08-28 16:00:00
1119,99,6,-200.0,508.03,510,2026-08-28 16:00:00
1120,101,8,320.0,452.182312,450,2026-08-28 16:00:00
1121,7,20,1325.0,75.759328,77,2026-08-28 16:00:00
1122,18,19,-100.0,90.3101,92,2026-08-28 16:00:00
1123,137,18,350.0,216.004114,215,2026-08-28 16:00:00
1124,74,8,550.0,451.117727,450,2026-08-28 16:00:00
1125,123,8,110.0,387.923636,450,2026-08-28 16:00:00
1126,48,7,725.0,194.695517,198,2026-08-28 16:00:00
1127,133,5,-40.0,881.17225,880,2026-08-28 16:00:00
1128,36,1,845.0,192.130533,190,2026-08-28 16:00:00
1129,94,6,275.0,504.402836,510,2026-08-28 16:00:00
1130,77,20,385.0,78.029221,77,2026-08-28 16:00:00
1131,125,13,200.0,110.21455,112,2026-08-28 16:00:00
1132,41,10,325.0,268.081538,275,2026-08-28 16:00:00
1133,51,18,435.0,214.934299,215,2026-08-28 16:00:00
1134,38,10,25.0,273.82,275,2026-08-28 16:00:00
1135,51,15,540.0,535.670593,530,2026-08-28 16:00:00
1136,102,6,400.0,514.0338,510,2026-08-28 16:00:00
1137,3,7,140.0,194.136929,198,2026-08-28 16:00:00
1138,70,7,425.0,197.597976,198,2026-08-28 16:00:00
1139,7,2,410.0,417.461098,420,2026-08-28 16:00:00
1140,145,4,275.0,187.387273,185,2026-08-28 16:00:00
1141,31,5,525.0,876.83381,880,2026-08-28 16:00:00
1142,44,8,220.0,446.836136,450,2026-08-28 16:00:00
1143,100,3,725.0,168.653448,165,2026-08-28 16:00:00
1144,73,16,250.0,449.172,450,2026-08-28 16:00:00
1145,111,15,425.0,524.091576,530,2026-08-28 16:00:00
1146,40,13,1200.0,113.793533,112,2026-08-28 16:00:00
1147,29,8,-300.0,475.788,450,2026-08-28 16:00:00
1148,70,4,450.0,184.614978,185,2026-08-28 16:00:00
1149,38,6,385.0,510.959377,510,2026-08-28 16:00:00
1150,59,12,240.0,527.1295,520,2026-08-28 16:00:00
1151,126,18,360.0,214.350528,215,2026-08-28 16:00:00
1152,63,10,35.0,285.644857,275,2026-08-28 16:00:00
1153,38,4,-52.0,191.454231,185,2026-08-28 16:00:00
1154,73,19,-315.0,94.448889,92,2026-08-28 16:00:00
1155,154,10,775.0,274.799381,275,2026-08-28 16:00:00
1156,12,10,95.0,272.942105,275,2026-08-28 16:00:00
1157,56,5,-275.0,967.593636,880,2026-08-28 16:00:00
1158,101,16,375.0,450.081067,450,2026-08-28 16:00:00
1159,139,12,800.0,510.260312,520,2026-08-28 16:00:00
1160,101,11,675.0,154.01877,155,2026-08-28 16:00:00
1161,81,1,325.0,197.702554,190,2026-08-28 16:00:00
1162,75,16,225.0,457.794444,450,2026-08-28 16:00:00
1163,134,14,60.0,136.642333,155,2026-08-28 16:00:00
1164,109,15,-275.0,555.369091,530,2026-08-28 16:00:00
1165,20,4,-75.0,185.59,185,2026-08-28 16:00:00
1166,131,19,235.0,90.022553,92,2026-08-28 16:00:00
1167,49,17,1375.0,204.696473,205,2026-08-28 16:00:00
1168,133,11,160.0,152.33125,155,2026-08-28 16:00:00
1169,135,18,285.0,216.261754,215,2026-08-28 16:00:00
1170,66,12,-170.0,526.246471,520,2026-08-28 16:00:00
1171,152,18,660.0,212.15997,215,2026-08-28 16:00:00
1172,120,7,925.0,198.402368,198,2026-08-28 16:00:00
1173,50,10,-140.0,273.576429,275,2026-08-28 16:00:00
1174,31,19,-240.0,93.667708,92,2026-08-28 16:00:00
1175,97,17,-155.0,202.918968,205,2026-08-28 16:00:00
1176,108,1,-50.0,205.1588,190,2026-08-28 16:00:00
1177,129,7,560.0,205.138607,198,2026-08-28 16:00:00
1178,7,18,1110.0,219.163297,215,2026-08-28 16:00:00
1179,82,14,525.0,154.24101,155,2026-08-28 16:00:00
1180,114,17,285.0,199.58014,205,2026-08-28 16:00:00
1181,160,8,100.0,422.28,450,2026-08-28 16:00:00
1182,128,7,800.0,201.85375,198,2026-08-28 16:00:00
1183,27,13,1485.0,110.400909,112,2026-08-28 16:00:00
1184,42,15,300.0,527.493333,530,2026-08-28 16:00:00
1185,22,13,625.0,111.435216,112,2026-08-28 16:00:00
1186,83,20,1010.0,77.598515,77,2026-08-28 16:00:00
1187,88,1,575.0,187.804209,190,2026-08-28 16:00:00
1188,105,20,560.0,75.899196,77,2026-08-28 16:00:00
1189,99,14,-100.0,151.0675,155,2026-08-28 16:00:00
1190,95,14,-25.0,195.8664,155,2026-08-28 16:00:00
1191,98,14,425.0,151.035247,155,2026-08-28 16:00:00
1192,91,18,500.0,217.295,215,2026-08-28 16:00:00
1193,157,18,150.0,212.551667,215,2026-08-28 16:00:00
1194,43,1,825.0,189.398945,190,2026-08-28 16:00:00
1195,62,18,750.0,208.639333,215,2026-08-28 16:00:00
1196,144,4,150.0,191.3718,185,2026-08-28 16:00:00
1197,26,4,450.0,185.426111,185,2026-08-28 16:00:00
1198,11,20,160.0,76.537937,77,2026-08-28 16:00:00
1199,117,7,-105.0,185.111619,198,2026-08-28 16:00:00
1200,132,9,-160.0,95.856875,97,2026-08-28 16:00:00
1201,159,20,455.0,79.141077,77,2026-08-28 16:00:00
1202,108,15,220.0,526.474818,530,2026-08-28 16:00:00
1203,52,10,-130.0,276.915,275,2026-08-28 16:00:00
1204,112,16,810.0,449.914333,450,2026-08-28 16:00:00
1205,15,9,145.0,96.892552,97,2026-08-28 16:00:00
1206,70,14,-212.0,144.857877,155,2026-08-28 16:00:00
1207,61,18,685.0,219.697956,215,2026-08-28 16:00:00
1208,11,1,-390.0,194.483949,190,2026-08-28 16:00:00
1209,118,1,650.0,194.716923,190,2026-08-28 16:00:00
1210,30,20,-675.0,77.844696,77,2026-08-28 16:00:00
1211,103,4,-300.0,185.821267,185,2026-08-28 16:00:00
1212,54,14,340.0,154.507353,155,2026-08-28 16:00:00
1213,30,6,385.0,501.845403,510,2026-08-28 16:00:00
1214,142,20,1150.0,76.999965,77,2026-08-28 16:00:00
1215,105,7,725.0,198.238014,198,2026-08-28 16:00:00
1216,20,16,360.0,445.131389,450,2026-08-28 16:00:00
1217,76,12,225.0,526.500311,520,2026-08-28 16:00:00
1218,28,6,445.0,506.012337,510,2026-08-28 16:00:00
1219,9,18,425.0,212.997082,215,2026-08-28 16:00:00
1220,34,6,425.0,516.605882,510,2026-08-28 16:00:00
1221,2,20,100.0,76.3263,77,2026-08-28 16:00:00
1222,73,4,250.0,183.015,185,2026-08-28 16:00:00
1223,131,6,-280.0,509.868929,510,2026-08-28 16:00:00
1224,45,8,-75.0,473.603333,450,2026-08-28 16:00:00
1225,50,20,110.0,75.350909,77,2026-08-28 16:00:00
1226,77,17,260.0,206.208846,205,2026-08-28 16:00:00
1227,112,12,353.0,521.387649,520,2026-08-28 16:00:00
1228,160,12,40.0,526.1425,520,2026-08-28 16:00:00
1229,126,10,800.0,272.935438,275,2026-08-28 16:00:00
1230,19,16,1200.0,441.367533,450,2026-08-28 16:00:00
1231,133,10,190.0,280.739579,275,2026-08-28 16:00:00
1232,63,8,75.0,442.84,450,2026-08-28 16:00:00
1233,8,8,642.0,447.929159,450,2026-08-28 16:00:00
1234,114,12,835.0,532.295305,520,2026-08-28 16:00:00
1235,96,13,449.0,113.66657,112,2026-08-28 16:00:00
1236,88,6,65.0,493.381846,510,2026-08-28 16:00:00
1237,116,8,75.0,451.758267,450,2026-08-28 16:00:00
1238,5,6,225.0,457.257556,510,2026-08-28 16:00:00
1239,123,10,375.0,276.722667,275,2026-08-28 16:00:00
1240,21,12,15.0,471.983333,520,2026-08-28 16:00:00
1241,78,3,-260.0,156.739,165,2026-08-28 16:00:00
1242,147,3,120.0,173.074583,165,2026-08-28 16:00:00
1243,80,6,1425.0,512.284014,510,2026-08-28 16:00:00
1244,40,16,800.0,453.0875,450,2026-08-28 16:00:00
1245,141,10,215.0,274.571395,275,2026-08-28 16:00:00
1246,146,8,1310.0,442.969947,450,2026-08-28 16:00:00
1247,6,5,775.0,890.922245,880,2026-08-28 16:00:00
1248,123,9,610.0,95.633967,97,2026-08-28 16:00:00
1249,67,7,1025.0,200.178946,198,2026-08-28 16:00:00
1250,89,14,-60.0,158.256167,155,2026-08-28 16:00:00
1251,115,3,350.0,166.5476,165,2026-08-28 16:00:00
1252,75,10,245.0,275.475184,275,2026-08-28 16:00:00
1253,122,7,-105.0,172.455905,198,2026-08-28 16:00:00
1254,54,2,-75.0,426.1448,420,2026-08-28 16:00:00
1255,72,19,225.0,89.586222,92,2026-08-28 16:00:00
1256,154,6,665.0,517.416466,510,2026-08-28 16:00:00
1257,110,15,1185.0,529.785519,530,2026-08-28 16:00:00
1258,16,4,875.0,189.109657,185,2026-08-28 16:00:00
1259,139,7,450.0,196.087778,198,2026-08-28 16:00:00
1260,71,1,25.0,33.82,190,2026-08-28 16:00:00
1261,27,12,930.0,526.518065,520,2026-08-28 16:00:00
1262,44,3,-365.0,163.151397,165,2026-08-28 16:00:00
1263,156,12,125.0,525.69272,520,2026-08-28 16:00:00
1264,146,4,-165.0,186.85303,185,2026-08-28 16:00:00
1265,5,12,140.0,523.016429,520,2026-08-28 16:00:00
1266,145,6,470.0,511.881362,510,2026-08-28 16:00:00
1267,86,9,215.0,96.774558,97,2026-08-28 16:00:00
1268,120,17,463.0,202.744449,205,2026-08-28 16:00:00
1269,90,18,585.0,218.296821,215,2026-08-28 16:00:00
1270,136,9,1225.0,95.005127,97,2026-08-28 16:00:00
1271,114,4,662.0,180.435378,185,2026-08-28 16:00:00
1272,27,15,235.0,538.177277,530,2026-08-28 16:00:00
1273,29,12,-515.0,534.058563,520,2026-08-28 16:00:00
1274,69,17,520.0,204.98775,205,2026-08-28 16:00:00
1275,45,11,175.0,146.769771,155,2026-08-28 16:00:00
1276,51,6,650.0,509.579231,510,2026-08-28 16:00:00
1277,48,15,215.0,541.239535,530,2026-08-28 16:00:00
1278,38,2,190.0,414.465263,420,2026-08-28 16:00:00
1279,65,19,-25.0,96.9448,92,2026-08-28 16:00:00
1280,142,3,-225.0,162.011111,165,2026-08-28 16:00:00
1281,64,3,-75.0,165.536667,165,2026-08-28 16:00:00
1282,141,17,-430.0,197.472837,205,2026-08-28 16:00:00
1283,93,15,75.0,593.5136,530,2026-08-28 16:00:00
1284,63,7,40.0,195.02875,198,2026-08-28 16:00:00
1285,7,7,-75.0,194.528,198,2026-08-28 16:00:00
1286,116,11,160.0,155.853437,155,2026-08-28 16:00:00
1287,30,18,295.0,215.376102,215,2026-08-28 16:00:00
1288,98,17,-300.0,207.174167,205,2026-08-28 16:00:00
1289,9,20,-140.0,80.3175,77,2026-08-28 16:00:00
1290,18,3,225.0,160.663333,165,2026-08-28 16:00:00
1291,50,8,260.0,447.374538,450,2026-08-28 16:00:00
1292,59,1,460.0,188.800978,190,2026-08-28 16:00:00
1293,63,16,775.0,453.073303,450,2026-08-28 16:00:00
1294,90,10,-100.0,254.0344,275,2026-08-28 16:00:00
1295,45,19,-300.0,92.396667,92,2026-08-28 16:00:00
1296,5,11,-175.0,153.035714,155,2026-08-28 16:00:00
1297,93,10,1960.0,276.633449,275,2026-08-28 16:00:00
1298,130,16,400.0,448.737625,450,2026-08-28 16:00:00
1299,116,1,800.0,190.197888,190,2026-08-28 16:00:00
1300,20,14,-330.0,148.569697,155,2026-08-28 16:00:00
1301,148,16,-225.0,458.199956,450,2026-08-28 16:00:00
1302,93,16,667.0,452.050735,450,2026-08-28 16:00:00
1303,121,19,425.0,90.902353,92,2026-08-28 16:00:00
1304,104,13,250.0,110.6956,112,2026-08-28 16:00:00
1305,62,4,1040.0,185.821106,185,2026-08-28 16:00:00
1306,111,10,575.0,271.366522,275,2026-08-28 16:00:00
1307,73,6,525.0,506.228381,510,2026-08-28 16:00:00
1308,103,19,700.0,93.469286,92,2026-08-28 16:00:00
1309,23,5,650.0,897.578385,880,2026-08-28 16:00:00
1310,132,5,300.0,885.767633,880,2026-08-28 16:00:00
1311,125,6,50.0,587.7134,510,2026-08-28 16:00:00
1312,155,15,150.0,536.64,530,2026-08-28 16:00:00
1313,68,19,200.0,91.42315,92,2026-08-28 16:00:00
1314,124,5,70.0,858.638571,880,2026-08-28 16:00:00
1315,152,2,710.0,419.777352,420,2026-08-28 16:00:00
1316,72,4,-160.0,189.941875,185,2026-08-28 16:00:00
1317,156,13,-100.0,114.1925,112,2026-08-28 16:00:00
1318,98,7,250.0,201.99344,198,2026-08-28 16:00:00
1319,68,15,605.0,537.02686,530,2026-08-28 16:00:00
1320,75,3,1050.0,167.087143,165,2026-08-28 16:00:00
1321,22,8,175.0,462.168971,450,2026-08-28 16:00:00
1322,117,4,-125.0,191.86176,185,2026-08-28 16:00:00
1323,118,11,615.0,157.050081,155,2026-08-28 16:00:00
1324,158,17,235.0,207.651489,205,2026-08-28 16:00:00
1325,19,1,775.0,190.220426,190,2026-08-28 16:00:00
1326,76,14,990.0,155.945808,155,2026-08-28 16:00:00
1327,97,19,375.0,95.765413,92,2026-08-28 16:00:00
1328,147,10,775.0,275.162981,275,2026-08-28 16:00:00
1329,42,8,875.0,450.073211,450,2026-08-28 16:00:00
1330,150,6,825.0,510.963067,510,2026-08-28 16:00:00
1331,154,8,600.0,445.242533,450,2026-08-28 16:00:00
1332,18,20,340.0,75.281029,77,2026-08-28 16:00:00
1333,112,9,100.0,94.0688,97,2026-08-28 16:00:00
1334,64,14,-375.0,149.765253,155,2026-08-28 16:00:00
1335,160,11,-450.0,158.377867,155,2026-08-28 16:00:00
1336,119,14,713.0,152.862847,155,2026-08-28 16:00:00
1337,38,19,500.0,90.46992,92,2026-08-28 16:00:00
1338,75,18,236.0,221.421398,215,2026-08-28 16:00:00
1339,158,19,-225.0,90.272222,92,2026-08-28 16:00:00
1340,88,7,950.0,194.695789,198,2026-08-28 16:00:00
1341,141,19,685.0,93.939606,92,2026-08-28 16:00:00
1342,91,5,935.0,853.287701,880,2026-08-28 16:00:00
1343,110,5,100.0,873.472,880,2026-08-28 16:00:00
1344,64,11,485.0,157.283216,155,2026-08-28 16:00:00
1345,116,17,325.0,208.260769,205,2026-08-28 16:00:00
1346,126,17,300.0,199.402533,205,2026-08-28 16:00:00
1347,40,9,1150.0,97.343174,97,2026-08-28 16:00:00
1348,81,12,150.0,525.2738,520,2026-08-28 16:00:00
1349,27,5,535.0,902.515421,880,2026-08-28 16:00:00
1350,60,19,75.0,92.889333,92,2026-08-28 16:00:00
1351,103,7,150.0,197.324067,198,2026-08-28 16:00:00
1352,129,19,160.0,87.792688,92,2026-08-28 16:00:00
1353,127,3,190.0,161.508158,165,2026-08-28 16:00:00
1354,148,12,800.0,519.1732,520,2026-08-28 16:00:00
1355,22,19,235.0,91.513745,92,2026-08-28 16:00:00
1356,98,15,600.0,523.002117,530,2026-08-28 16:00:00
1357,28,16,860.0,449.278256,450,2026-08-28 16:00:00
1358,159,6,710.0,505.346972,510,2026-08-28 16:00:00
1359,109,11,300.0,158.073333,155,2026-08-28 16:00:00
1360,15,10,390.0,275.185538,275,2026-08-28 16:00:00
1361,59,15,325.0,520.526492,530,2026-08-28 16:00:00
1362,93,17,-275.0,206.353636,205,2026-08-28 16:00:00
1363,68,11,310.0,153.229323,155,2026-08-28 16:00:00
1364,68,5,145.0,931.081448,880,2026-08-28 16:00:00
1365,27,20,535.0,78.881664,77,2026-08-28 16:00:00
1366,64,15,550.0,544.913364,530,2026-08-28 16:00:00
1367,155,1,1725.0,189.632997,190,2026-08-28 16:00:00
1368,142,13,153.0,105.307647,112,2026-08-28 16:00:00
1369,60,4,500.0,186.95824,185,2026-08-28 16:00:00
1370,18,18,115.0,206.496,215,2026-08-28 16:00:00
1371,139,2,310.0,422.212903,420,2026-08-28 16:00:00
1372,21,17,500.0,200.33536,205,2026-08-28 16:00:00
1373,45,18,1550.0,215.908548,215,2026-08-28 16:00:00
1374,118,2,25.0,278.4176,420,2026-08-28 16:00:00
1375,24,13,310.0,113.798645,112,2026-08-28 16:00:00
1376,94,7,325.0,189.4104,198,2026-08-28 16:00:00
1377,98,12,773.0,522.04304,520,2026-08-28 16:00:00
1378,42,11,190.0,161.338632,155,2026-08-28 16:00:00
1379,106,10,1135.0,277.578537,275,2026-08-28 16:00:00
1380,60,14,370.0,150.263324,155,2026-08-28 16:00:00
1381,41,1,750.0,189.095,190,2026-08-28 16:00:00
1382,117,12,485.0,522.326948,520,2026-08-28 16:00:00
1383,8,7,178.0,200.590056,198,2026-08-28 16:00:00
1384,102,20,175.0,76.831429,77,2026-08-28 16:00:00
1385,53,18,460.0,209.304739,215,2026-08-28 16:00:00
1386,44,19,75.0,90.540533,92,2026-08-28 16:00:00
1387,140,4,325.0,165.963015,185,2026-08-28 16:00:00
1388,60,16,265.0,448.889358,450,2026-08-28 16:00:00
1389,2,3,100.0,163.41,165,2026-08-28 16:00:00
1390,114,7,135.0,201.594222,198,2026-08-28 16:00:00
1391,153,12,-150.0,552.603333,520,2026-08-28 16:00:00
1392,33,20,35.0,58.672,77,2026-08-28 16:00:00
1393,36,14,-15.0,71.134,155,2026-08-28 16:00:00
1394,10,17,1225.0,206.073249,205,2026-08-28 16:00:00
1395,27,19,105.0,92.013905,92,2026-08-28 16:00:00
1396,41,3,300.0,164.637267,165,2026-08-28 16:00:00
1397,141,7,276.0,193.686232,198,2026-08-28 16:00:00
1398,6,15,325.0,538.382215,530,2026-08-28 16:00:00
1399,61,9,-500.0,98.27,97,2026-08-28 16:00:00
1400,70,16,225.0,464.347556,450,2026-08-28 16:00:00
1401,92,7,453.0,203.21287,198,2026-08-28 16:00:00
1402,41,17,750.0,204.75164,205,2026-08-28 16:00:00
1403,79,10,885.0,276.240712,275,2026-08-28 16:00:00
1404,155,14,650.0,155.249615,155,2026-08-28 16:00:00
1405,156,15,-23.0,580.08087,530,2026-08-28 16:00:00
1406,93,3,410.0,160.950146,165,2026-08-28 16:00:00
1407,84,12,1150.0,528.823374,520,2026-08-28 16:00:00
1408,90,11,-100.0,151.8556,155,2026-08-28 16:00:00
1409,154,3,1810.0,166.824177,165,2026-08-28 16:00:00
1410,127,4,150.0,178.430933,185,2026-08-28 16:00:00
1411,142,7,675.0,196.160741,198,2026-08-28 16:00:00
1412,131,11,570.0,157.601298,155,2026-08-28 16:00:00
1413,72,13,800.0,111.768125,112,2026-08-28 16:00:00
1414,92,13,245.0,114.739306,112,2026-08-28 16:00:00
1415,77,19,25.0,52.7868,92,2026-08-28 16:00:00
1416,32,11,175.0,149.886686,155,2026-08-28 16:00:00
1417,152,8,200.0,448.4809,450,2026-08-28 16:00:00
1418,53,6,210.0,523.67219,510,2026-08-28 16:00:00
1419,11,19,710.0,92.833944,92,2026-08-28 16:00:00
1420,158,20,225.0,77.617778,77,2026-08-28 16:00:00
1421,137,10,715.0,279.440741,275,2026-08-28 16:00:00
1422,32,16,160.0,442.617687,450,2026-08-28 16:00:00
1423,103,14,-50.0,138.83,155,2026-08-28 16:00:00
1424,102,12,185.0,519.028811,520,2026-08-28 16:00:00
1425,83,5,625.0,850.252032,880,2026-08-28 16:00:00
1426,17,15,800.0,528.135625,530,2026-08-28 16:00:00
1427,31,17,475.0,206.960526,205,2026-08-28 16:00:00
1428,39,10,280.0,280.73725,275,2026-08-28 16:00:00
1429,28,1,585.0,191.931504,190,2026-08-28 16:00:00
1430,65,11,1325.0,153.518626,155,2026-08-28 16:00:00
1431,15,16,475.0,451.064189,450,2026-08-28 16:00:00
1432,66,9,375.0,96.33488,97,2026-08-28 16:00:00
1433,119,10,-505.0,271.935762,275,2026-08-28 16:00:00
1434,106,3,-550.0,159.668636,165,2026-08-28 16:00:00
1435,112,8,185.0,448.664865,450,2026-08-28 16:00:00
1436,113,1,115.0,192.653304,190,2026-08-28 16:00:00
1437,24,4,60.0,179.085333,185,2026-08-28 16:00:00
1438,50,13,-660.0,110.682227,112,2026-08-28 16:00:00
1439,80,3,-807.0,166.266109,165,2026-08-28 16:00:00
1440,124,8,-225.0,458.930711,450,2026-08-28 16:00:00
1441,50,15,210.0,485.894381,530,2026-08-28 16:00:00
1442,160,9,210.0,96.614571,97,2026-08-28 16:00:00
1443,31,8,-50.0,489.06,450,2026-08-28 16:00:00
1444,56,6,803.0,518.937883,510,2026-08-28 16:00:00
1445,69,13,1125.0,110.218889,112,2026-08-28 16:00:00
1446,6,12,115.0,516.380522,520,2026-08-28 16:00:00
1447,25,7,600.0,209.47015,198,2026-08-28 16:00:00
1448,117,17,400.0,208.4225,205,2026-08-28 16:00:00
1449,66,8,625.0,452.005136,450,2026-08-28 16:00:00
1450,40,14,400.0,154.7325,155,2026-08-28 16:00:00
1451,7,4,75.0,187.825067,185,2026-08-28 16:00:00
1452,135,5,10.0,-1586.842,880,2026-08-28 16:00:00
1453,87,11,500.0,154.40578,155,2026-08-28 16:00:00
1454,70,12,380.0,491.293105,520,2026-08-28 16:00:00
1455,10,1,225.0,181.857778,190,2026-08-28 16:00:00
1456,95,4,85.0,151.264824,185,2026-08-28 16:00:00
1457,124,14,560.0,150.176214,155,2026-08-28 16:00:00
1458,23,2,1535.0,410.103257,420,2026-08-28 16:00:00
1459,61,7,1025.0,198.945678,198,2026-08-28 16:00:00
1460,136,10,-550.0,275.534618,275,2026-08-28 16:00:00
1461,50,6,-25.0,416.4384,510,2026-08-28 16:00:00
1462,80,5,650.0,863.743077,880,2026-08-28 16:00:00
1463,11,2,-1425.0,417.463333,420,2026-08-28 16:00:00
1464,6,11,490.0,151.864061,155,2026-08-28 16:00:00
1465,48,16,50.0,442.51,450,2026-08-28 16:00:00
1466,12,2,135.0,414.366296,420,2026-08-28 16:00:00
1467,90,20,85.0,76.424941,77,2026-08-28 16:00:00
1468,151,15,760.0,519.214974,530,2026-08-28 16:00:00
1469,154,7,900.0,199.101767,198,2026-08-28 16:00:00
1470,29,19,1420.0,92.001099,92,2026-08-28 16:00:00
1471,73,13,-75.0,113.76,112,2026-08-28 16:00:00
1472,1,19,150.0,91.835,92,2026-08-28 16:00:00
1473,29,6,425.0,512.913929,510,2026-08-28 16:00:00
1474,35,16,375.0,460.686667,450,2026-08-28 16:00:00
1475,103,8,350.0,453.553229,450,2026-08-28 16:00:00
1476,49,12,1060.0,528.738981,520,2026-08-28 16:00:00
1477,123,18,650.0,212.152369,215,2026-08-28 16:00:00
1478,141,16,-875.0,451.324091,450,2026-08-28 16:00:00
1479,48,20,200.0,77.1802,77,2026-08-28 16:00:00
1480,69,4,90.0,180.465556,185,2026-08-28 16:00:00
1481,26,3,565.0,162.963009,165,2026-08-28 16:00:00
1482,78,11,-50.0,164.718,155,2026-08-28 16:00:00
1483,114,8,-60.0,423.5895,450,2026-08-28 16:00:00
1484,14,15,35.0,525.132857,530,2026-08-28 16:00:00
1485,75,4,490.0,181.441143,185,2026-08-28 16:00:00
1486,51,14,400.0,155.093425,155,2026-08-28 16:00:00
1487,73,1,500.0,189.183,190,2026-08-28 16:00:00
1488,28,15,-220.0,524.9595,530,2026-08-28 16:00:00
1489,78,2,-825.0,425.540606,420,2026-08-28 16:00:00
1490,10,12,115.0,522.941217,520,2026-08-28 16:00:00
1491,57,18,550.0,214.226364,215,2026-08-28 16:00:00
1492,89,1,-175.0,186.751029,190,2026-08-28 16:00:00
1493,51,12,-25.0,851.4052,520,2026-08-28 16:00:00
1494,72,7,75.0,195.83,198,2026-08-28 16:00:00
1495,34,3,835.0,167.560611,165,2026-08-28 16:00:00
1496,138,3,-200.0,162.5025,165,2026-08-28 16:00:00
1497,105,17,-225.0,203.801111,205,2026-08-28 16:00:00
1498,64,4,119.0,188.604034,185,2026-08-28 16:00:00
1499,93,9,100.0,98.28,97,2026-08-28 16:00:00
1500,120,3,850.0,166.250859,165,2026-08-28 16:00:00
1501,80,16,155.0,449.551097,450,2026-08-28 16:00:00
1502,30,19,640.0,92.717625,92,2026-08-28 16:00:00
1503,160,19,575.0,92.303739,92,2026-08-28 16:00:00
1504,138,5,85.0,865.307059,880,2026-08-28 16:00:00
1505,127,16,350.0,445.816171,450,2026-08-28 16:00:00
1506,112,2,550.0,430.062273,420,2026-08-28 16:00:00
1507,54,13,-195.0,119.821282,112,2026-08-28 16:00:00
1508,94,4,125.0,183.39072,185,2026-08-28 16:00:00
1509,35,15,685.0,515.242511,530,2026-08-28 16:00:00
1510,113,17,125.0,208.51928,205,2026-08-28 16:00:00
1511,66,7,-250.0,199.63944,198,2026-08-28 16:00:00
1512,144,19,390.0,89.595641,92,2026-08-28 16:00:00
1513,22,10,545.0,277.531266,275,2026-08-28 16:00:00
1514,22,6,675.0,510.927259,510,2026-08-28 16:00:00
1515,133,15,140.0,524.087857,530,2026-08-28 16:00:00
1516,73,3,620.0,166.197839,165,2026-08-28 16:00:00
1517,2,19,550.0,91.772491,92,2026-08-28 16:00:00
1518,110,11,1550.0,155.634594,155,2026-08-28 16:00:00
1519,130,15,1960.0,538.884566,530,2026-08-28 16:00:00
1520,92,20,775.0,77.491974,77,2026-08-28 16:00:00
1521,118,17,160.0,201.77,205,2026-08-28 16:00:00
1522,55,14,270.0,153.552,155,2026-08-28 16:00:00
1523,151,17,425.0,210.513765,205,2026-08-28 16:00:00
1524,114,2,850.0,427.884835,420,2026-08-28 16:00:00
1525,92,16,1125.0,446.205804,450,2026-08-28 16:00:00
1526,147,6,100.0,511.3895,510,2026-08-28 16:00:00
1527,99,13,-25.0,132.622,112,2026-08-28 16:00:00
1528,16,10,135.0,280.051407,275,2026-08-28 16:00:00
1529,20,18,800.0,216.171963,215,2026-08-28 16:00:00
1530,36,10,-40.0,258.60875,275,2026-08-28 16:00:00
1531,131,9,850.0,95.528824,97,2026-08-28 16:00:00
1532,111,8,710.0,450.248521,450,2026-08-28 16:00:00
1533,73,5,625.0,907.0156,880,2026-08-28 16:00:00
1534,34,16,-340.0,432.346176,450,2026-08-28 16:00:00
1535,87,14,960.0,154.223885,155,2026-08-28 16:00:00
1536,13,16,200.0,455.50555,450,2026-08-28 16:00:00
1537,70,1,-215.0,188.24014,190,2026-08-28 16:00:00
1538,126,16,160.0,451.2655,450,2026-08-28 16:00:00
1539,74,15,-190.0,515.956947,530,2026-08-28 16:00:00
1540,145,3,470.0,168.302191,165,2026-08-28 16:00:00
1541,81,15,425.0,521.380071,530,2026-08-28 16:00:00
1542,71,9,175.0,95.968571,97,2026-08-28 16:00:00
1543,88,17,340.0,213.267647,205,2026-08-28 16:00:00
1544,9,3,400.0,164.1391,165,2026-08-28 16:00:00
1545,128,13,1100.0,111.22,112,2026-08-28 16:00:00
1546,125,8,585.0,461.987607,450,2026-08-28 16:00:00
1547,134,16,-90.0,484.896667,450,2026-08-28 16:00:00
1548,23,8,785.0,456.333057,450,2026-08-28 16:00:00
1549,18,5,285.0,871.268947,880,2026-08-28 16:00:00
1550,40,8,665.0,453.139774,450,2026-08-28 16:00:00
1551,42,12,120.0,522.205,520,2026-08-28 16:00:00
1552,43,13,-250.0,112.62024,112,2026-08-28 16:00:00
1553,115,2,575.0,418.843391,420,2026-08-28 16:00:00
1554,70,10,950.0,272.155789,275,2026-08-28 16:00:00
1555,13,13,135.0,102.575407,112,2026-08-28 16:00:00
1556,119,15,175.0,542.049886,530,2026-08-28 16:00:00
1557,85,3,625.0,164.434576,165,2026-08-28 16:00:00
1558,44,20,810.0,78.010185,77,2026-08-28 16:00:00
1559,155,3,600.0,165.698167,165,2026-08-28 16:00:00
1560,57,9,-40.0,85.23,97,2026-08-28 16:00:00
1561,24,5,485.0,884.398969,880,2026-08-28 16:00:00
1562,109,14,525.0,156.514762,155,2026-08-28 16:00:00
1563,149,12,475.0,514.433516,520,2026-08-28 16:00:00
1564,120,13,250.0,110.772,112,2026-08-28 16:00:00
1565,88,19,-100.0,95.5172,92,2026-08-28 16:00:00
1566,11,10,425.0,279.672212,275,2026-08-28 16:00:00
1567,117,8,10.0,534.342,450,2026-08-28 16:00:00
1568,22,7,663.0,198.595837,198,2026-08-28 16:00:00
1569,130,20,185.0,77.515027,77,2026-08-28 16:00:00
1570,61,19,750.0,90.774333,92,2026-08-28 16:00:00
1571,134,17,700.0,201.453057,205,2026-08-28 16:00:00
1572,12,19,360.0,90.701167,92,2026-08-28 16:00:00
1573,107,7,775.0,195.872026,198,2026-08-28 16:00:00
1574,147,14,715.0,152.973608,155,2026-08-28 16:00:00
1575,156,3,663.0,162.729276,165,2026-08-28 16:00:00
1576,108,5,150.0,876.04,880,2026-08-28 16:00:00
1577,114,10,650.0,272.871154,275,2026-08-28 16:00:00
1578,4,8,450.0,442.979978,450,2026-08-28 16:00:00
1579,50,7,53.0,206.230943,198,2026-08-28 16:00:00
1580,52,5,900.0,877.939222,880,2026-08-28 16:00:00
1581,85,5,650.0,872.011246,880,2026-08-28 16:00:00
1582,19,11,475.0,157.457768,155,2026-08-28 16:00:00
1583,85,7,125.0,201.018,198,2026-08-28 16:00:00
1584,133,2,500.0,427.41986,420,2026-08-28 16:00:00
1585,15,2,250.0,422.35624,420,2026-08-28 16:00:00
1586,17,6,300.0,512.946433,510,2026-08-28 16:00:00
1587,53,20,-240.0,76.108542,77,2026-08-28 16:00:00
1588,136,15,160.0,530.740312,530,2026-08-28 16:00:00
1589,153,6,225.0,504.571111,510,2026-08-28 16:00:00
1590,82,15,510.0,516.087471,530,2026-08-28 16:00:00
1591,43,9,500.0,98.456,97,2026-08-28 16:00:00
1592,56,16,1100.0,450.789464,450,2026-08-28 16:00:00
1593,46,19,552.0,93.505471,92,2026-08-28 16:00:00
1594,65,4,225.0,183.169867,185,2026-08-28 16:00:00
1595,140,13,200.0,111.17625,112,2026-08-28 16:00:00
1596,138,11,975.0,153.815897,155,2026-08-28 16:00:00
1597,134,20,1215.0,76.729753,77,2026-08-28 16:00:00
1598,46,5,60.0,857.636833,880,2026-08-28 16:00:00
1599,1,17,-25.0,228.5952,205,2026-08-28 16:00:00
1600,140,10,100.0,275.5825,275,2026-08-28 16:00:00
1601,147,7,500.0,194.124,198,2026-08-28 16:00:00
1602,21,9,540.0,95.739926,97,2026-08-28 16:00:00
1603,12,6,1375.0,521.112364,510,2026-08-28 16:00:00
1604,150,1,810.0,189.421815,190,2026-08-28 16:00:00
1605,54,16,-150.0,456.134667,450,2026-08-28 16:00:00
1606,68,4,85.0,179.551294,185,2026-08-28 16:00:00
1607,56,4,1525.0,187.270702,185,2026-08-28 16:00:00
1608,89,7,385.0,196.220519,198,2026-08-28 16:00:00
1609,119,2,825.0,427.257273,420,2026-08-28 16:00:00
1610,60,20,285.0,76.515333,77,2026-08-28 16:00:00
1611,133,1,-60.0,190.2735,190,2026-08-28 16:00:00
1612,117,3,350.0,170.705457,165,2026-08-28 16:00:00
1613,120,8,610.0,457.726803,450,2026-08-28 16:00:00
1614,40,15,200.0,517.5305,530,2026-08-28 16:00:00
1615,141,4,40.0,176.9,185,2026-08-28 16:00:00
1616,102,8,500.0,436.595,450,2026-08-28 16:00:00
1617,41,2,235.0,412.421574,420,2026-08-28 16:00:00
1618,58,3,-50.0,132.68,165,2026-08-28 16:00:00
1619,72,6,185.0,492.139568,510,2026-08-28 16:00:00
1620,69,10,300.0,277.979133,275,2026-08-28 16:00:00
1621,94,3,135.0,165.578593,165,2026-08-28 16:00:00
1622,82,5,150.0,860.73,880,2026-08-28 16:00:00
1623,29,16,385.0,424.832364,450,2026-08-28 16:00:00
1624,111,19,910.0,93.753626,92,2026-08-28 16:00:00
1625,148,8,510.0,443.93651,450,2026-08-28 16:00:00
1626,23,15,-90.0,514.494333,530,2026-08-28 16:00:00
1627,34,5,235.0,841.481149,880,2026-08-28 16:00:00
1628,63,19,395.0,88.771924,92,2026-08-28 16:00:00
1629,133,14,75.0,157.373333,155,2026-08-28 16:00:00
1630,6,2,185.0,419.63027,420,2026-08-28 16:00:00
1631,22,11,-50.0,114.94,155,2026-08-28 16:00:00
1632,90,5,10.0,903.17,880,2026-08-28 16:00:00
1633,13,7,200.0,192.6175,198,2026-08-28 16:00:00
1634,75,8,645.0,452.44524,450,2026-08-28 16:00:00
1635,77,15,275.0,526.199891,530,2026-08-28 16:00:00
1636,87,13,175.0,111.661371,112,2026-08-28 16:00:00
1637,153,11,-200.0,153.1866,155,2026-08-28 16:00:00
1638,151,20,700.0,78.188043,77,2026-08-28 16:00:00
1639,83,2,535.0,419.868056,420,2026-08-28 16:00:00
1640,7,11,350.0,152.516143,155,2026-08-28 16:00:00
1641,82,19,-300.0,92.165,92,2026-08-28 16:00:00
1642,145,11,-25.0,164.066,155,2026-08-28 16:00:00
1643,126,11,1741.0,153.900414,155,2026-08-28 16:00:00
1644,75,9,150.0,96.523333,97,2026-08-28 16:00:00
1645,38,13,350.0,112.322857,112,2026-08-28 16:00:00
1646,9,15,95.0,519.061158,530,2026-08-28 16:00:00
1647,142,15,-550.0,532.695,530,2026-08-28 16:00:00
1648,109,17,990.0,204.546828,205,2026-08-28 16:00:00
1649,110,4,25.0,160.0024,185,2026-08-28 16:00:00
1650,79,20,-890.0,76.954202,77,2026-08-28 16:00:00
1651,78,12,640.0,507.317094,520,2026-08-28 16:00:00
1652,105,13,485.0,112.003402,112,2026-08-28 16:00:00
1653,152,17,275.0,209.527273,205,2026-08-28 16:00:00
1654,80,14,-90.0,145.865778,155,2026-08-28 16:00:00
1655,23,18,225.0,212.931111,215,2026-08-28 16:00:00
1656,70,5,200.0,934.22905,880,2026-08-28 16:00:00
1657,39,14,250.0,158.46,155,2026-08-28 16:00:00
1658,130,17,362.0,201.738729,205,2026-08-28 16:00:00
1659,69,20,200.0,76.98,77,2026-08-28 16:00:00
1660,41,8,75.0,450.033333,450,2026-08-28 16:00:00
1661,33,3,150.0,165.015,165,2026-08-28 16:00:00
1662,48,14,10.0,257.6,155,2026-08-28 16:00:00
1663,158,6,575.0,509.505722,510,2026-08-28 16:00:00
1664,122,19,335.0,92.152179,92,2026-08-28 16:00:00
1665,54,11,-150.0,157.548733,155,2026-08-28 16:00:00
1666,155,19,235.0,91.042936,92,2026-08-28 16:00:00
1667,23,16,-150.0,448.4332,450,2026-08-28 16:00:00
1668,43,7,300.0,199.2164,198,2026-08-28 16:00:00
1669,127,13,200.0,112.69175,112,2026-08-28 16:00:00
1670,142,5,50.0,919.543,880,2026-08-28 16:00:00
1671,127,10,40.0,279.083,275,2026-08-28 16:00:00
1672,122,4,263.0,176.926844,185,2026-08-28 16:00:00
1673,128,5,210.0,891.62581,880,2026-08-28 16:00:00
1674,146,5,575.0,867.305374,880,2026-08-28 16:00:00
1675,47,8,300.0,460.5535,450,2026-08-28 16:00:00
1676,115,18,960.0,217.157563,215,2026-08-28 16:00:00
1677,148,9,250.0,96.35584,97,2026-08-28 16:00:00
1678,5,13,425.0,111.187059,112,2026-08-28 16:00:00
1679,125,19,575.0,89.664539,92,2026-08-28 16:00:00
1680,47,9,950.0,96.267095,97,2026-08-28 16:00:00
1681,99,15,575.0,543.947496,530,2026-08-28 16:00:00
1682,3,18,725.0,213.433117,215,2026-08-28 16:00:00
1683,16,18,510.0,212.511961,215,2026-08-28 16:00:00
1684,71,16,-175.0,447.872857,450,2026-08-28 16:00:00
1685,139,8,-150.0,450.596533,450,2026-08-28 16:00:00
1686,149,15,375.0,534.096427,530,2026-08-28 16:00:00
1687,40,10,165.0,270.586061,275,2026-08-28 16:00:00
1688,149,16,-650.0,446.009615,450,2026-08-28 16:00:00
1689,125,2,-500.0,431.88286,420,2026-08-28 16:00:00
1690,73,9,535.0,98.39443,97,2026-08-28 16:00:00
1691,69,12,-215.0,532.562186,520,2026-08-28 16:00:00
1692,149,9,-200.0,96.5575,97,2026-08-28 16:00:00
1693,79,9,965.0,95.63456,97,2026-08-28 16:00:00
1694,6,16,85.0,435.534,450,2026-08-28 16:00:00
1695,6,17,520.0,209.0425,205,2026-08-28 16:00:00
1696,25,9,325.0,97.884615,97,2026-08-28 16:00:00
1697,117,19,1200.0,90.272917,92,2026-08-28 16:00:00
1698,102,18,550.0,217.373745,215,2026-08-28 16:00:00
1699,75,20,410.0,77.819024,77,2026-08-28 16:00:00
1700,93,14,500.0,155.40784,155,2026-08-28 16:00:00
1701,22,1,200.0,179.2528,190,2026-08-28 16:00:00
1702,121,3,685.0,165.771022,165,2026-08-28 16:00:00
1703,157,14,-65.0,195.321077,155,2026-08-28 16:00:00
1704,114,13,145.0,114.811034,112,2026-08-28 16:00:00
1705,153,15,925.0,527.085665,530,2026-08-28 16:00:00
1706,2,15,60.0,522.383333,530,2026-08-28 16:00:00
1707,27,6,280.0,510.797857,510,2026-08-28 16:00:00
1708,62,15,165.0,543.904364,530,2026-08-28 16:00:00
1709,139,13,360.0,110.171944,112,2026-08-28 16:00:00
1710,5,20,625.0,79.0316,77,2026-08-28 16:00:00
1711,83,18,-240.0,210.297,215,2026-08-28 16:00:00
1712,125,10,475.0,274.634,275,2026-08-28 16:00:00
1713,4,12,135.0,509.89837,520,2026-08-28 16:00:00
1714,127,9,1075.0,94.986316,97,2026-08-28 16:00:00
1715,106,7,160.0,200.035,198,2026-08-28 16:00:00
1716,96,14,410.0,155.777683,155,2026-08-28 16:00:00
1717,82,18,605.0,213.04838,215,2026-08-28 16:00:00
1718,77,2,-75.0,410.645867,420,2026-08-28 16:00:00
1719,123,11,60.0,163.252,155,2026-08-28 16:00:00
1720,121,20,425.0,77.923553,77,2026-08-28 16:00:00
1721,158,5,950.0,861.810263,880,2026-08-28 16:00:00
1722,9,2,250.0,425.102,420,2026-08-28 16:00:00
1723,51,2,-75.0,345.9536,420,2026-08-28 16:00:00
1724,104,3,615.0,164.859593,165,2026-08-28 16:00:00
1725,83,6,100.0,497.84,510,2026-08-28 16:00:00
1726,72,10,360.0,279.021806,275,2026-08-28 16:00:00
1727,71,2,800.0,429.419062,420,2026-08-28 16:00:00
1728,25,17,-160.0,202.203562,205,2026-08-28 16:00:00
1729,34,13,100.0,113.4169,112,2026-08-28 16:00:00
1730,132,20,-675.0,76.111704,77,2026-08-28 16:00:00
1731,138,16,760.0,458.275395,450,2026-08-28 16:00:00
1732,159,14,300.0,153.641933,155,2026-08-28 16:00:00
1733,117,13,-150.0,113.593333,112,2026-08-28 16:00:00
1734,62,8,-635.0,457.523795,450,2026-08-28 16:00:00
1735,31,4,-425.0,186.752353,185,2026-08-28 16:00:00
1736,119,9,-340.0,99.135706,97,2026-08-28 16:00:00
1737,17,9,250.0,98.48972,97,2026-08-28 16:00:00
1738,157,3,547.0,164.713565,165,2026-08-28 16:00:00
1739,66,20,700.0,76.481986,77,2026-08-28 16:00:00
1740,130,7,-275.0,200.992618,198,2026-08-28 16:00:00
1741,79,6,180.0,504.069778,510,2026-08-28 16:00:00
1742,123,13,150.0,109.6308,112,2026-08-28 16:00:00
1743,131,14,310.0,161.351645,155,2026-08-28 16:00:00
1744,99,5,500.0,891.15478,880,2026-08-28 16:00:00
1745,19,13,-85.0,107.227059,112,2026-08-28 16:00:00
1746,136,18,790.0,218.304241,215,2026-08-28 16:00:00
1747,127,14,725.0,152.128552,155,2026-08-28 16:00:00
1748,27,4,50.0,196.713,185,2026-08-28 16:00:00
1749,5,10,550.0,281.123636,275,2026-08-28 16:00:00
1750,9,6,650.0,498.162877,510,2026-08-28 16:00:00
1751,84,3,940.0,165.068245,165,2026-08-28 16:00:00
1752,107,11,75.0,147.762667,155,2026-08-28 16:00:00
1753,2,13,125.0,115.53176,112,2026-08-28 16:00:00
1754,132,10,-415.0,272.82947,275,2026-08-28 16:00:00
1755,113,10,1175.0,272.481915,275,2026-08-28 16:00:00
1756,110,19,-65.0,62.514923,92,2026-08-28 16:00:00
1757,10,20,225.0,75.97,77,2026-08-28 16:00:00
1758,24,15,275.0,523.3548,530,2026-08-28 16:00:00
1759,158,2,700.0,420.707114,420,2026-08-28 16:00:00
1760,42,19,-115.0,90.508261,92,2026-08-28 16:00:00
1761,64,19,-110.0,95.300636,92,2026-08-28 16:00:00
1762,40,11,35.0,177.14,155,2026-08-28 16:00:00
1763,76,10,165.0,277.508,275,2026-08-28 16:00:00
1764,82,12,1025.0,521.529854,520,2026-08-28 16:00:00
1765,49,20,1672.0,76.765323,77,2026-08-28 16:00:00
1766,18,7,475.0,197.162926,198,2026-08-28 16:00:00
1767,7,15,300.0,548.132467,530,2026-08-28 16:00:00
1768,133,17,100.0,208.4846,205,2026-08-28 16:00:00
1769,68,13,350.0,113.842429,112,2026-08-28 16:00:00
1770,103,10,675.0,265.541007,275,2026-08-28 16:00:00
1771,143,4,800.0,186.230575,185,2026-08-28 16:00:00
1772,128,18,635.0,217.125465,215,2026-08-28 16:00:00
1773,141,15,150.0,537.57,530,2026-08-28 16:00:00
1774,132,7,780.0,195.842167,198,2026-08-28 16:00:00
1775,8,10,350.0,274.6376,275,2026-08-28 16:00:00
1776,1,16,662.0,459.006375,450,2026-08-28 16:00:00
1777,17,13,750.0,110.607333,112,2026-08-28 16:00:00
1778,88,13,650.0,110.245769,112,2026-08-28 16:00:00
1779,30,14,750.0,154.120667,155,2026-08-28 16:00:00
1780,24,17,110.0,198.243182,205,2026-08-28 16:00:00
1781,133,18,-125.0,214.946,215,2026-08-28 16:00:00
1782,125,20,825.0,76.221442,77,2026-08-28 16:00:00
1783,81,11,220.0,155.693,155,2026-08-28 16:00:00
1784,77,7,-525.0,197.071333,198,2026-08-28 16:00:00
1785,150,2,900.0,418.446111,420,2026-08-28 16:00:00
1786,116,20,25.0,88.732,77,2026-08-28 16:00:00
1787,51,8,575.0,447.531739,450,2026-08-28 16:00:00
1788,107,6,120.0,510.323167,510,2026-08-28 16:00:00
1789,63,6,1350.0,515.829259,510,2026-08-28 16:00:00
1790,25,20,450.0,74.754489,77,2026-08-28 16:00:00
1791,65,9,1310.0,95.94458,97,2026-08-28 16:00:00
1792,121,18,325.0,213.0936,215,2026-08-28 16:00:00
1793,95,12,475.0,518.868926,520,2026-08-28 16:00:00
1794,108,6,290.0,508.285621,510,2026-08-28 16:00:00
1795,9,16,500.0,459.4091,450,2026-08-28 16:00:00
1796,107,14,-25.0,142.27,155,2026-08-28 16:00:00
1797,3,1,200.0,190.3275,190,2026-08-28 16:00:00
1798,98,2,1010.0,426.961188,420,2026-08-28 16:00:00
1799,55,7,78.0,199.973846,198,2026-08-28 16:00:00
1800,137,14,-25.0,116.21,155,2026-08-28 16:00:00
1801,120,10,40.0,244.88625,275,2026-08-28 16:00:00
1802,96,3,325.0,166.095169,165,2026-08-28 16:00:00
1803,89,8,-225.0,435.6972,450,2026-08-28 16:00:00
1804,128,15,605.0,536.88195,530,2026-08-28 16:00:00
1805,150,11,-25.0,144.772,155,2026-08-28 16:00:00
1806,95,3,50.0,163.13,165,2026-08-28 16:00:00
1807,67,11,-50.0,147.7808,155,2026-08-28 16:00:00
1808,127,18,65.0,216.362769,215,2026-08-28 16:00:00
1809,119,8,575.0,443.078626,450,2026-08-28 16:00:00
1810,26,5,-100.0,892.0243,880,2026-08-28 16:00:00
1811,4,17,150.0,217.273333,205,2026-08-28 16:00:00
1812,3,15,500.0,529.265,530,2026-08-28 16:00:00
1813,43,4,275.0,187.243636,185,2026-08-28 16:00:00
1814,37,8,650.0,454.997692,450,2026-08-28 16:00:00
1815,151,14,300.0,152.933333,155,2026-08-28 16:00:00
1816,158,4,333.0,183.284144,185,2026-08-28 16:00:00
1817,151,9,725.0,96.935297,97,2026-08-28 16:00:00
1818,92,15,-50.0,569.7596,530,2026-08-28 16:00:00
1819,124,2,160.0,412.815438,420,2026-08-28 16:00:00
1820,74,10,-150.0,288.161667,275,2026-08-28 16:00:00
1821,148,17,150.0,197.212,205,2026-08-28 16:00:00
1822,118,10,60.0,266.54,275,2026-08-28 16:00:00
1823,135,16,-120.0,396.444333,450,2026-08-28 16:00:00
1824,145,2,75.0,428.443333,420,2026-08-28 16:00:00
1825,74,12,425.0,528.475271,520,2026-08-28 16:00:00
1826,95,1,550.0,188.175545,190,2026-08-28 16:00:00
1827,26,8,575.0,441.211635,450,2026-08-28 16:00:00
1828,74,11,-90.0,155.602778,155,2026-08-28 16:00:00
1829,108,3,900.0,163.516944,165,2026-08-28 16:00:00
1830,57,19,175.0,91.189829,92,2026-08-28 16:00:00
1831,77,13,400.0,113.050625,112,2026-08-28 16:00:00
1832,147,5,-350.0,899.390714,880,2026-08-28 16:00:00
1833,29,2,-12.0,-392.715,420,2026-08-28 16:00:00
1834,68,2,130.0,419.572231,420,2026-08-28 16:00:00
1835,82,9,710.0,96.382197,97,2026-08-28 16:00:00
1836,49,4,125.0,182.536,185,2026-08-28 16:00:00
1837,19,10,170.0,266.989412,275,2026-08-28 16:00:00
1838,17,11,260.0,152.352038,155,2026-08-28 16:00:00
1839,158,7,935.0,201.431455,198,2026-08-28 16:00:00
1840,10,16,1225.0,444.627527,450,2026-08-28 16:00:00
1841,150,20,485.0,76.870701,77,2026-08-28 16:00:00
1842,72,18,275.0,216.105709,215,2026-08-28 16:00:00
1843,60,13,500.0,108.695,112,2026-08-28 16:00:00
1844,30,5,1115.0,877.653991,880,2026-08-28 16:00:00
1845,160,1,35.0,204.812857,190,2026-08-28 16:00:00
1846,10,11,137.0,155.408759,155,2026-08-28 16:00:00
1847,157,2,340.0,422.118412,420,2026-08-28 16:00:00
1848,37,1,145.0,193.352759,190,2026-08-28 16:00:00
1849,134,10,725.0,276.501586,275,2026-08-28 16:00:00
1850,71,12,503.0,506.756382,520,2026-08-28 16:00:00
1851,126,13,-60.0,111.8935,112,2026-08-28 16:00:00
1852,5,8,110.0,432.295364,450,2026-08-28 16:00:00
1853,58,6,485.0,502.406515,510,2026-08-28 16:00:00
1854,89,9,50.0,97.785,97,2026-08-28 16:00:00
1855,57,17,60.0,205.969333,205,2026-08-28 16:00:00
1856,16,8,350.0,440.756971,450,2026-08-28 16:00:00
1857,85,9,265.0,96.112868,97,2026-08-28 16:00:00
1858,108,12,276.0,515.932754,520,2026-08-28 16:00:00
1859,150,17,885.0,205.83939,205,2026-08-28 16:00:00
1860,70,8,1025.0,448.282478,450,2026-08-28 16:00:00
1861,48,6,1125.0,514.577618,510,2026-08-28 16:00:00
1862,104,15,-37.0,516.456757,530,2026-08-28 16:00:00
1863,6,9,84.0,92.057619,97,2026-08-28 16:00:00
1864,13,14,135.0,154.966074,155,2026-08-28 16:00:00
1865,108,17,275.0,201.952836,205,2026-08-28 16:00:00
1866,69,19,125.0,93.722,92,2026-08-28 16:00:00
1867,61,13,-150.0,112.918333,112,2026-08-28 16:00:00
1868,102,1,485.0,191.886412,190,2026-08-28 16:00:00
1869,139,1,510.0,188.556549,190,2026-08-28 16:00:00
1870,151,5,395.0,861.842076,880,2026-08-28 16:00:00
1871,132,12,-150.0,500.043333,520,2026-08-28 16:00:00
1872,84,8,950.0,450.900274,450,2026-08-28 16:00:00
1873,1,3,1635.0,163.559419,165,2026-08-28 16:00:00
1874,68,20,210.0,75.631429,77,2026-08-28 16:00:00
1875,150,3,200.0,161.74125,165,2026-08-28 16:00:00
1876,20,15,-350.0,525.483971,530,2026-08-28 16:00:00
1877,28,10,300.0,267.015033,275,2026-08-28 16:00:00
1878,43,15,500.0,530.49498,530,2026-08-28 16:00:00
1879,48,5,665.0,885.443534,880,2026-08-28 16:00:00
1880,13,2,-30.0,435.428333,420,2026-08-28 16:00:00
1881,76,15,50.0,495.9136,530,2026-08-28 16:00:00
1882,118,20,160.0,73.691937,77,2026-08-28 16:00:00
1883,84,4,50.0,182.9334,185,2026-08-28 16:00:00
1884,108,2,175.0,423.215714,420,2026-08-28 16:00:00
1885,19,4,555.0,186.136919,185,2026-08-28 16:00:00
1886,25,12,395.0,516.413241,520,2026-08-28 16:00:00
1887,44,6,150.0,523.893333,510,2026-08-28 16:00:00
1888,141,20,75.0,80.8044,77,2026-08-28 16:00:00
1889,15,5,250.0,886.73,880,2026-08-28 16:00:00
1890,83,14,110.0,154.172727,155,2026-08-28 16:00:00
1891,128,19,260.0,92.543269,92,2026-08-28 16:00:00
1892,134,13,1115.0,111.494888,112,2026-08-28 16:00:00
1893,119,11,25.0,150.71,155,2026-08-28 16:00:00
1894,51,13,325.0,112.302031,112,2026-08-28 16:00:00
1895,156,4,675.0,185.824341,185,2026-08-28 16:00:00
1896,152,16,75.0,443.83,450,2026-08-28 16:00:00
1897,145,17,250.0,203.9016,205,2026-08-28 16:00:00
1898,153,10,-50.0,283.0,275,2026-08-28 16:00:00
1899,33,13,400.0,108.76065,112,2026-08-28 16:00:00
1900,15,7,510.0,192.614157,198,2026-08-28 16:00:00
1901,59,16,710.0,441.97662,450,2026-08-28 16:00:00
1902,68,6,945.0,514.799767,510,2026-08-28 16:00:00
1903,95,6,1185.0,513.420338,510,2026-08-28 16:00:00
1904,92,2,1225.0,417.813061,420,2026-08-28 16:00:00
1905,5,14,-175.0,153.572286,155,2026-08-28 16:00:00
1906,139,18,290.0,217.531655,215,2026-08-28 16:00:00
1907,109,10,365.0,272.608466,275,2026-08-28 16:00:00
1908,15,12,165.0,502.967818,520,2026-08-28 16:00:00
1909,153,17,-75.0,212.367867,205,2026-08-28 16:00:00
1910,41,12,326.0,529.525092,520,2026-08-28 16:00:00
1911,77,16,500.0,455.78952,450,2026-08-28 16:00:00
1912,128,14,1190.0,154.617008,155,2026-08-28 16:00:00
1913,106,9,340.0,96.642941,97,2026-08-28 16:00:00
1914,140,2,200.0,412.975,420,2026-08-28 16:00:00
1915,1,6,290.0,499.453241,510,2026-08-28 16:00:00
1916,148,15,410.0,540.998927,530,2026-08-28 16:00:00
1917,120,18,425.0,214.412353,215,2026-08-28 16:00:00
1918,122,17,215.0,201.134837,205,2026-08-28 16:00:00
1919,61,6,115.0,512.906348,510,2026-08-28 16:00:00
1920,132,18,400.0,207.939375,215,2026-08-28 16:00:00
1921,131,10,575.0,268.83,275,2026-08-28 16:00:00
1922,41,11,125.0,160.06688,155,2026-08-28 16:00:00
1923,58,14,785.0,154.656115,155,2026-08-28 16:00:00
1924,65,5,300.0,872.8273,880,2026-08-28 16:00:00
1925,126,15,1091.0,532.537654,530,2026-08-28 16:00:00
1926,147,1,1500.0,186.676273,190,2026-08-28 16:00:00
1927,76,1,-425.0,194.247059,190,2026-08-28 16:00:00
1928,159,13,600.0,114.067333,112,2026-08-28 16:00:00
1929,155,12,215.0,514.007395,520,2026-08-28 16:00:00
1930,96,20,400.0,75.8975,77,2026-08-28 16:00:00
1931,145,20,210.0,77.623571,77,2026-08-28 16:00:00
1932,17,10,975.0,273.551026,275,2026-08-28 16:00:00
1933,115,12,-385.0,544.56026,520,2026-08-28 16:00:00
1934,84,9,342.0,96.707222,97,2026-08-28 16:00:00
1935,159,11,-25.0,175.9464,155,2026-08-28 16:00:00
1936,114,16,110.0,441.565,450,2026-08-28 16:00:00
1937,149,13,10.0,96.815,112,2026-08-28 16:00:00
1938,78,14,285.0,157.208772,155,2026-08-28 16:00:00
1939,34,17,925.0,201.987773,205,2026-08-28 16:00:00
1940,29,7,-25.0,201.62,198,2026-08-28 16:00:00
1941,16,15,175.0,527.698571,530,2026-08-28 16:00:00
1942,92,18,110.0,214.767273,215,2026-08-28 16:00:00
1943,56,8,-15.0,347.03,450,2026-08-28 16:00:00
1944,117,16,-500.0,436.33816,450,2026-08-28 16:00:00
1945,138,6,85.0,508.710941,510,2026-08-28 16:00:00
1946,91,2,450.0,421.914444,420,2026-08-28 16:00:00
1947,44,13,130.0,101.274769,112,2026-08-28 16:00:00
1948,89,4,375.0,185.966,185,2026-08-28 16:00:00
1949,96,12,425.0,515.304776,520,2026-08-28 16:00:00
1950,62,11,-350.0,159.315714,155,2026-08-28 16:00:00
1951,72,2,475.0,413.864947,420,2026-08-28 16:00:00
1952,125,7,-450.0,201.754311,198,2026-08-28 16:00:00
1953,123,2,-100.0,415.93,420,2026-08-28 16:00:00
1954,64,7,885.0,196.843751,198,2026-08-28 16:00:00
1955,37,20,450.0,74.541222,77,2026-08-28 16:00:00
1956,21,8,540.0,455.12563,450,2026-08-28 16:00:00
1957,90,16,-490.0,441.802551,450,2026-08-28 16:00:00
1958,32,6,275.0,512.539455,510,2026-08-28 16:00:00
1959,107,18,585.0,218.427179,215,2026-08-28 16:00:00
1960,129,16,350.0,444.080914,450,2026-08-28 16:00:00
1961,52,18,615.0,220.26878,215,2026-08-28 16:00:00
1962,29,15,-525.0,524.184152,530,2026-08-28 16:00:00
1963,90,6,220.0,498.590136,510,2026-08-28 16:00:00
1964,117,15,1575.0,534.332698,530,2026-08-28 16:00:00
1965,28,17,1350.0,208.576119,205,2026-08-28 16:00:00
1966,58,12,-125.0,529.98208,520,2026-08-28 16:00:00
1967,125,16,125.0,454.554,450,2026-08-28 16:00:00
1968,145,8,575.0,457.901304,450,2026-08-28 16:00:00
1969,19,5,85.0,874.211765,880,2026-08-28 16:00:00
1970,41,5,635.0,868.853764,880,2026-08-28 16:00:00
1971,49,1,150.0,191.923333,190,2026-08-28 16:00:00
1972,147,4,649.0,186.318737,185,2026-08-28 16:00:00
1973,36,8,635.0,445.704646,450,2026-08-28 16:00:00
1974,96,15,100.0,476.9167,530,2026-08-28 16:00:00
1975,47,17,375.0,204.949387,205,2026-08-28 16:00:00
1976,88,9,865.0,97.875491,97,2026-08-28 16:00:00
1977,86,8,-100.0,447.1698,450,2026-08-28 16:00:00
1978,65,20,1525.0,77.102715,77,2026-08-28 16:00:00
1979,77,12,-175.0,530.296743,520,2026-08-28 16:00:00
1980,45,20,250.0,75.75848,77,2026-08-28 16:00:00
1981,44,7,800.0,200.4246,198,2026-08-28 16:00:00
1982,92,4,525.0,183.139771,185,2026-08-28 16:00:00
1983,47,6,-150.0,496.203333,510,2026-08-28 16:00:00
1984,38,14,387.0,154.845013,155,2026-08-28 16:00:00
1985,110,2,25.0,385.76,420,2026-08-28 16:00:00
1986,55,11,750.0,153.85,155,2026-08-28 16:00:00
1987,93,5,1515.0,882.784218,880,2026-08-28 16:00:00
1988,154,12,-1205.0,531.722556,520,2026-08-28 16:00:00
1989,61,3,75.0,185.4632,165,2026-08-28 16:00:00
1990,116,7,615.0,200.343626,198,2026-08-28 16:00:00
1991,55,3,-815.0,162.288822,165,2026-08-28 16:00:00
1992,94,10,975.0,273.161733,275,2026-08-28 16:00:00
1993,141,18,185.0,225.097297,215,2026-08-28 16:00:00
1994,36,2,145.0,416.581931,420,2026-08-28 16:00:00
1995,24,20,925.0,78.100422,77,2026-08-28 16:00:00
1996,77,6,1200.0,513.5525,510,2026-08-28 16:00:00
1997,76,20,200.0,77.3475,77,2026-08-28 16:00:00
1998,98,3,175.0,167.539486,165,2026-08-28 16:00:00
1999,19,3,110.0,167.577727,165,2026-08-28 16:00:00
2000,36,19,250.0,92.331,92,2026-08-28 16:00:00
2001,18,4,-225.0,190.845556,185,2026-08-28 16:00:00
2002,37,17,450.0,204.156667,205,2026-08-28 16:00:00
2003,20,2,-90.0,419.539444,420,2026-08-28 16:00:00
2004,110,8,-50.0,398.3,450,2026-08-28 16:00:00
2005,143,1,450.0,189.1236,190,2026-08-28 16:00:00
2006,58,8,-190.0,479.377947,450,2026-08-28 16:00:00
2007,79,16,400.0,432.816375,450,2026-08-28 16:00:00
2008,25,11,498.0,153.125663,155,2026-08-28 16:00:00
2009,13,8,310.0,447.595581,450,2026-08-28 16:00:00
2010,121,11,300.0,153.955567,155,2026-08-28 16:00:00
2011,128,12,160.0,517.4725,520,2026-08-28 16:00:00
2012,84,7,600.0,201.4075,198,2026-08-28 16:00:00
2013,99,18,410.0,216.116317,215,2026-08-28 16:00:00
2014,124,17,400.0,202.005875,205,2026-08-28 16:00:00
2015,39,18,150.0,214.5002,215,2026-08-28 16:00:00
2016,130,12,50.0,497.0322,520,2026-08-28 16:00:00
2017,50,12,-175.0,504.257143,520,2026-08-28 16:00:00
2018,29,1,350.0,188.258714,190,2026-08-28 16:00:00
2019,146,16,-154.0,466.697273,450,2026-08-28 16:00:00
2020,25,1,635.0,192.848031,190,2026-08-28 16:00:00
2021,112,3,-80.0,167.238125,165,2026-08-28 16:00:00
2022,90,17,-40.0,196.355,205,2026-08-28 16:00:00
2023,30,17,225.0,205.422222,205,2026-08-28 16:00:00
2024,105,19,925.0,92.54587,92,2026-08-28 16:00:00
2025,22,20,-225.0,78.771333,77,2026-08-28 16:00:00
2026,17,16,420.0,447.766738,450,2026-08-28 16:00:00
2027,44,4,725.0,181.42069,185,2026-08-28 16:00:00
2028,96,18,775.0,213.100813,215,2026-08-28 16:00:00
2029,149,4,350.0,189.138571,185,2026-08-28 16:00:00
2030,135,1,775.0,193.497368,190,2026-08-28 16:00:00
2031,113,20,250.0,76.052,77,2026-08-28 16:00:00
2032,117,1,25.0,179.79,190,2026-08-28 16:00:00
2033,109,12,-140.0,525.774643,520,2026-08-28 16:00:00
2034,15,3,-150.0,155.746667,165,2026-08-28 16:00:00
2035,27,18,253.0,212.018182,215,2026-08-28 16:00:00
2036,104,7,260.0,198.319038,198,2026-08-28 16:00:00
2037,26,7,50.0,195.4398,198,2026-08-28 16:00:00
2038,90,3,860.0,169.374709,165,2026-08-28 16:00:00
2039,55,20,-255.0,77.816706,77,2026-08-28 16:00:00
2040,91,1,650.0,191.077354,190,2026-08-28 16:00:00
2041,33,10,125.0,285.814,275,2026-08-28 16:00:00
2042,124,11,350.0,155.365343,155,2026-08-28 16:00:00
2043,48,1,-490.0,195.705306,190,2026-08-28 16:00:00
2044,34,14,310.0,155.079032,155,2026-08-28 16:00:00
2045,129,1,250.0,189.66384,190,2026-08-28 16:00:00
2046,60,6,1150.0,511.080965,510,2026-08-28 16:00:00
2047,98,18,675.0,213.606267,215,2026-08-28 16:00:00
2048,126,3,235.0,165.150255,165,2026-08-28 16:00:00
2049,96,11,60.0,156.881,155,2026-08-28 16:00:00
2050,29,17,125.0,205.01832,205,2026-08-28 16:00:00
2051,105,8,-515.0,460.742816,450,2026-08-28 16:00:00
2052,55,9,10.0,99.85,97,2026-08-28 16:00:00
2053,155,6,735.0,506.91751,510,2026-08-28 16:00:00
2054,112,13,965.0,109.971513,112,2026-08-28 16:00:00
2055,16,9,285.0,103.147614,97,2026-08-28 16:00:00
2056,146,12,-315.0,531.156032,520,2026-08-28 16:00:00
2057,13,15,100.0,513.7327,530,2026-08-28 16:00:00
2058,72,12,360.0,515.441944,520,2026-08-28 16:00:00
2059,99,7,400.0,198.285625,198,2026-08-28 16:00:00
2060,40,3,-75.0,157.706667,165,2026-08-28 16:00:00
2061,19,19,375.0,92.726667,92,2026-08-28 16:00:00
2062,80,8,235.0,453.429787,450,2026-08-28 16:00:00
2063,119,16,350.0,451.303971,450,2026-08-28 16:00:00
2064,70,19,625.0,90.81136,92,2026-08-28 16:00:00
2065,95,15,1325.0,519.273585,530,2026-08-28 16:00:00
2066,102,4,-400.0,185.489025,185,2026-08-28 16:00:00
2067,87,1,1400.0,190.155,190,2026-08-28 16:00:00
2068,42,3,860.0,168.287093,165,2026-08-28 16:00:00
2069,105,15,310.0,546.158581,530,2026-08-28 16:00:00
2070,85,14,250.0,155.08252,155,2026-08-28 16:00:00
2071,101,2,50.0,448.5422,420,2026-08-28 16:00:00
2072,27,9,50.0,53.84,97,2026-08-28 16:00:00
2073,153,1,985.0,190.070203,190,2026-08-28 16:00:00
2074,143,11,185.0,154.757189,155,2026-08-28 16:00:00
2075,32,3,450.0,163.8008,165,2026-08-28 16:00:00
2076,120,9,-792.0,96.455732,97,2026-08-28 16:00:00
2077,34,1,1300.0,194.301477,190,2026-08-28 16:00:00
2078,54,10,200.0,281.11245,275,2026-08-28 16:00:00
2079,69,8,225.0,453.488133,450,2026-08-28 16:00:00
2080,92,19,175.0,92.117143,92,2026-08-28 16:00:00
2081,39,2,450.0,414.553333,420,2026-08-28 16:00:00
2082,78,4,825.0,186.165758,185,2026-08-28 16:00:00
2083,151,3,-350.0,171.363686,165,2026-08-28 16:00:00
2084,127,5,285.0,893.661263,880,2026-08-28 16:00:00
2085,94,19,-425.0,93.058494,92,2026-08-28 16:00:00
2086,4,1,-110.0,185.454364,190,2026-08-28 16:00:00
2087,42,16,390.0,446.906923,450,2026-08-28 16:00:00
2088,157,7,775.0,193.489535,198,2026-08-28 16:00:00
2089,160,10,1025.0,271.25122,275,2026-08-28 16:00:00
2090,87,18,712.0,212.412037,215,2026-08-28 16:00:00
2091,149,3,-65.0,140.120154,165,2026-08-28 16:00:00
2092,35,19,1015.0,93.168749,92,2026-08-28 16:00:00
2093,35,20,10.0,71.225,77,2026-08-28 16:00:00
2094,146,3,-60.0,167.455333,165,2026-08-28 16:00:00
2095,37,3,-60.0,149.148333,165,2026-08-28 16:00:00
2096,159,7,1285.0,197.364288,198,2026-08-28 16:00:00
2097,78,17,75.0,216.506667,205,2026-08-28 16:00:00
2098,64,17,675.0,204.017615,205,2026-08-28 16:00:00
2099,27,2,1140.0,423.70793,420,2026-08-28 16:00:00
2100,5,3,350.0,161.410086,165,2026-08-28 16:00:00
2101,39,12,410.0,531.150268,520,2026-08-28 16:00:00
2102,158,10,700.0,278.388057,275,2026-08-28 16:00:00
2103,124,13,-100.0,105.6782,112,2026-08-28 16:00:00
2104,115,15,475.0,523.417368,530,2026-08-28 16:00:00
2105,35,2,275.0,410.676873,420,2026-08-28 16:00:00
2106,87,9,675.0,97.45997,97,2026-08-28 16:00:00
2107,64,9,25.0,87.8168,97,2026-08-28 16:00:00
2108,115,17,-175.0,208.3452,205,2026-08-28 16:00:00
2109,148,3,260.0,166.459654,165,2026-08-28 16:00:00
2110,66,13,85.0,108.426471,112,2026-08-28 16:00:00
2111,132,3,-100.0,144.8183,165,2026-08-28 16:00:00
2112,73,17,65.0,202.756923,205,2026-08-28 16:00:00
2113,119,5,110.0,883.511909,880,2026-08-28 16:00:00
2114,56,20,225.0,78.0768,77,2026-08-28 16:00:00
2115,74,5,1060.0,885.623085,880,2026-08-28 16:00:00
2116,78,18,1185.0,217.849831,215,2026-08-28 16:00:00
2117,112,15,60.0,518.660833,530,2026-08-28 16:00:00
2118,54,5,-425.0,850.222941,880,2026-08-28 16:00:00
2119,78,5,-75.0,809.956667,880,2026-08-28 16:00:00
2120,156,14,950.0,152.539811,155,2026-08-28 16:00:00
2121,4,9,625.0,95.261568,97,2026-08-28 16:00:00
2122,12,4,285.0,182.060105,185,2026-08-28 16:00:00
2123,8,18,1125.0,214.810187,215,2026-08-28 16:00:00
2124,52,4,682.0,182.536891,185,2026-08-28 16:00:00
2125,88,2,-190.0,419.835263,420,2026-08-28 16:00:00
2126,65,8,100.0,461.3368,450,2026-08-28 16:00:00
2127,96,8,500.0,455.046,450,2026-08-28 16:00:00
2128,44,18,-82.0,187.320854,215,2026-08-28 16:00:00
2129,144,9,310.0,98.960613,97,2026-08-28 16:00:00
2130,1,5,175.0,867.498571,880,2026-08-28 16:00:00
2131,31,6,-50.0,526.78,510,2026-08-28 16:00:00
2132,144,8,710.0,453.762676,450,2026-08-28 16:00:00
2133,154,19,540.0,91.063963,92,2026-08-28 16:00:00
2134,128,11,415.0,151.68106,155,2026-08-28 16:00:00
2135,127,7,500.0,197.7637,198,2026-08-28 16:00:00
2136,80,10,241.0,276.221452,275,2026-08-28 16:00:00
2137,149,5,125.0,881.00072,880,2026-08-28 16:00:00
2138,55,18,375.0,219.346427,215,2026-08-28 16:00:00
2139,62,19,910.0,91.964758,92,2026-08-28 16:00:00
2140,115,19,125.0,93.54,92,2026-08-28 16:00:00
2141,77,14,1050.0,156.801686,155,2026-08-28 16:00:00
2142,46,10,175.0,274.441829,275,2026-08-28 16:00:00
2143,149,20,60.0,77.161667,77,2026-08-28 16:00:00
2144,160,14,260.0,163.387115,155,2026-08-28 16:00:00
2145,39,15,675.0,527.955541,530,2026-08-28 16:00:00
2146,113,6,140.0,491.967143,510,2026-08-28 16:00:00
2147,50,18,585.0,217.894735,215,2026-08-28 16:00:00
2148,107,8,150.0,451.5812,450,2026-08-28 16:00:00
2149,138,9,85.0,97.759647,97,2026-08-28 16:00:00
2150,120,19,225.0,91.033333,92,2026-08-28 16:00:00
2151,59,9,625.0,95.39968,97,2026-08-28 16:00:00
2152,111,20,300.0,79.0212,77,2026-08-28 16:00:00
2153,43,18,150.0,217.669067,215,2026-08-28 16:00:00
2154,99,12,360.0,524.254028,520,2026-08-28 16:00:00
2155,105,14,300.0,154.775167,155,2026-08-28 16:00:00
2156,23,20,-95.0,88.023684,77,2026-08-28 16:00:00
2157,11,7,-460.0,192.406304,198,2026-08-28 16:00:00
2158,48,9,345.0,98.166783,97,2026-08-28 16:00:00
2159,49,18,725.0,210.350055,215,2026-08-28 16:00:00
2160,52,11,-240.0,157.203542,155,2026-08-28 16:00:00
2161,111,12,125.0,513.85512,520,2026-08-28 16:00:00
2162,99,16,725.0,440.288276,450,2026-08-28 16:00:00
2163,137,7,60.0,200.116,198,2026-08-28 16:00:00
2164,119,4,415.0,188.649639,185,2026-08-28 16:00:00
2165,144,7,400.0,200.588775,198,2026-08-28 16:00:00
2166,158,16,-450.0,451.387222,450,2026-08-28 16:00:00
2167,140,12,335.0,519.948955,520,2026-08-28 16:00:00
2168,95,9,365.0,91.405068,97,2026-08-28 16:00:00
2169,9,14,670.0,153.820746,155,2026-08-28 16:00:00
2170,140,8,15.0,434.37,450,2026-08-28 16:00:00
2171,12,18,500.0,214.50268,215,2026-08-28 16:00:00
2172,55,8,175.0,455.192514,450,2026-08-28 16:00:00
2173,103,2,700.0,426.091529,420,2026-08-28 16:00:00
2174,97,3,25.0,214.4812,165,2026-08-28 16:00:00
2175,45,12,1360.0,518.359669,520,2026-08-28 16:00:00
2176,7,6,310.0,507.789355,510,2026-08-28 16:00:00
2177,140,16,335.0,452.270299,450,2026-08-28 16:00:00
2178,100,7,760.0,197.121053,198,2026-08-28 16:00:00
2179,150,12,75.0,539.3148,520,2026-08-28 16:00:00
2180,145,13,-100.0,96.6949,112,2026-08-28 16:00:00
2181,18,14,-100.0,160.9575,155,2026-08-28 16:00:00
2182,16,3,565.0,166.986726,165,2026-08-28 16:00:00
2183,21,13,600.0,112.815833,112,2026-08-28 16:00:00
2184,51,20,-285.0,77.301579,77,2026-08-28 16:00:00
2185,159,3,1700.0,166.512171,165,2026-08-28 16:00:00
2186,32,18,-465.0,224.951828,215,2026-08-28 16:00:00
2187,93,18,-25.0,198.916,215,2026-08-28 16:00:00
2188,41,9,-300.0,102.188333,97,2026-08-28 16:00:00
2189,8,9,410.0,96.767244,97,2026-08-28 16:00:00
2190,101,19,110.0,90.832727,92,2026-08-28 16:00:00
2191,155,4,-10.0,158.052,185,2026-08-28 16:00:00
2192,155,13,575.0,112.018696,112,2026-08-28 16:00:00
2193,59,20,1175.0,77.269472,77,2026-08-28 16:00:00
2194,134,5,1275.0,882.871192,880,2026-08-28 16:00:00
2195,145,12,-150.0,526.343333,520,2026-08-28 16:00:00
2196,95,17,350.0,199.057857,205,2026-08-28 16:00:00
2197,24,1,525.0,184.7,190,2026-08-28 16:00:00
2198,96,16,485.0,450.164247,450,2026-08-28 16:00:00
2199,149,7,900.0,199.236267,198,2026-08-28 16:00:00
2200,57,7,572.0,196.441311,198,2026-08-28 16:00:00
2201,2,6,375.0,502.006667,510,2026-08-28 16:00:00
2202,69,5,-140.0,904.460714,880,2026-08-28 16:00:00
2203,38,5,-305.0,867.378361,880,2026-08-28 16:00:00
2204,143,3,910.0,163.955121,165,2026-08-28 16:00:00
2205,136,20,-690.0,75.242174,77,2026-08-28 16:00:00
2206,3,12,-25.0,517.8392,520,2026-08-28 16:00:00
2207,55,12,610.0,508.849705,520,2026-08-28 16:00:00
2208,150,19,350.0,92.983657,92,2026-08-28 16:00:00
2209,136,13,2335.0,112.672321,112,2026-08-28 16:00:00
2210,92,17,175.0,201.6124,205,2026-08-28 16:00:00
2211,74,7,825.0,195.905491,198,2026-08-28 16:00:00
2212,59,3,-525.0,166.88619,165,2026-08-28 16:00:00
2213,53,19,675.0,90.714815,92,2026-08-28 16:00:00
2214,70,20,-90.0,73.052778,77,2026-08-28 16:00:00
2215,113,19,110.0,93.167273,92,2026-08-28 16:00:00
2216,1,11,-50.0,159.6164,155,2026-08-28 16:00:00
2217,37,15,-125.0,541.08856,530,2026-08-28 16:00:00
2218,74,2,805.0,425.057615,420,2026-08-28 16:00:00
2219,88,18,-350.0,229.643571,215,2026-08-28 16:00:00
2220,13,17,185.0,199.987838,205,2026-08-28 16:00:00
2221,150,10,450.0,277.651111,275,2026-08-28 16:00:00
2222,130,3,390.0,164.201795,165,2026-08-28 16:00:00
2223,146,10,75.0,274.101333,275,2026-08-28 16:00:00
2224,94,14,-360.0,151.513194,155,2026-08-28 16:00:00
2225,15,14,-550.0,159.112073,155,2026-08-28 16:00:00
2226,53,16,-40.0,449.91625,450,2026-08-28 16:00:00
2227,99,2,960.0,424.996177,420,2026-08-28 16:00:00
2228,15,13,-188.0,116.586011,112,2026-08-28 16:00:00
2229,5,16,810.0,445.846728,450,2026-08-28 16:00:00
2230,75,17,25.0,187.4788,205,2026-08-28 16:00:00
2231,68,9,675.0,99.612593,97,2026-08-28 16:00:00
2232,102,3,-50.0,168.22,165,2026-08-28 16:00:00
2233,133,3,-150.0,155.614867,165,2026-08-28 16:00:00
2234,63,9,710.0,98.411972,97,2026-08-28 16:00:00
2235,116,14,535.0,155.828299,155,2026-08-28 16:00:00
2236,11,9,750.0,99.608,97,2026-08-28 16:00:00
2237,84,13,970.0,111.808629,112,2026-08-28 16:00:00
2238,124,20,125.0,78.618,77,2026-08-28 16:00:00
2239,16,5,335.0,906.865761,880,2026-08-28 16:00:00
2240,33,5,325.0,881.801785,880,2026-08-28 16:00:00
2241,90,13,-300.0,111.810833,112,2026-08-28 16:00:00
2242,136,14,525.0,154.184152,155,2026-08-28 16:00:00
2243,5,9,10.0,96.56,97,2026-08-28 16:00:00
2244,83,12,450.0,531.758333,520,2026-08-28 16:00:00
2245,121,4,-205.0,194.063415,185,2026-08-28 16:00:00
2246,71,19,1275.0,92.323373,92,2026-08-28 16:00:00
2247,16,19,700.0,92.784857,92,2026-08-28 16:00:00
2248,39,11,250.0,154.74456,155,2026-08-28 16:00:00
2249,18,16,45.0,424.381111,450,2026-08-28 16:00:00
2250,130,18,925.0,215.454054,215,2026-08-28 16:00:00
2251,139,16,150.0,458.298333,450,2026-08-28 16:00:00
2252,156,1,325.0,190.044615,190,2026-08-28 16:00:00
2253,94,12,88.0,513.225909,520,2026-08-28 16:00:00
2254,15,4,135.0,181.528222,185,2026-08-28 16:00:00
2255,94,16,-1225.0,447.164694,450,2026-08-28 16:00:00
2256,22,17,320.0,197.889656,205,2026-08-28 16:00:00
2257,89,18,25.0,328.42,215,2026-08-28 16:00:00
2258,79,7,250.0,200.82416,198,2026-08-28 16:00:00
2259,32,8,975.0,446.963846,450,2026-08-28 16:00:00
2260,28,14,1000.0,153.629,155,2026-08-28 16:00:00
2261,144,12,325.0,509.360338,520,2026-08-28 16:00:00
2262,153,4,-415.0,192.123036,185,2026-08-28 16:00:00
2263,129,8,-450.0,436.548889,450,2026-08-28 16:00:00
2264,59,5,-325.0,889.094585,880,2026-08-28 16:00:00
2265,153,7,525.0,194.92381,198,2026-08-28 16:00:00
2266,91,15,-35.0,443.974571,530,2026-08-28 16:00:00
2267,82,1,10.0,215.195,190,2026-08-28 16:00:00
2268,70,6,360.0,472.030222,510,2026-08-28 16:00:00
2269,145,16,185.0,452.933243,450,2026-08-28 16:00:00
2270,67,17,425.0,206.272353,205,2026-08-28 16:00:00
2271,34,8,75.0,488.976667,450,2026-08-28 16:00:00
2272,88,16,485.0,446.836412,450,2026-08-28 16:00:00
2273,107,19,175.0,92.134057,92,2026-08-28 16:00:00
2274,136,6,650.0,499.493462,510,2026-08-28 16:00:00
2275,104,11,800.0,154.5109,155,2026-08-28 16:00:00
2276,36,20,375.0,76.434213,77,2026-08-28 16:00:00
2277,24,8,1860.0,447.387473,450,2026-08-28 16:00:00
2278,140,7,210.0,197.79619,198,2026-08-28 16:00:00
2279,62,6,-75.0,513.97,510,2026-08-28 16:00:00
2280,18,11,710.0,155.125254,155,2026-08-28 16:00:00
2281,124,9,575.0,97.104974,97,2026-08-28 16:00:00
2282,101,10,225.0,276.186667,275,2026-08-28 16:00:00
2283,129,6,852.0,513.598462,510,2026-08-28 16:00:00
2284,7,16,-450.0,461.412778,450,2026-08-28 16:00:00
2285,70,3,225.0,165.433956,165,2026-08-28 16:00:00
2286,94,1,1190.0,189.84879,190,2026-08-28 16:00:00
2287,12,11,-75.0,155.666667,155,2026-08-28 16:00:00
2288,47,4,15.0,234.456667,185,2026-08-28 16:00:00
2289,21,19,260.0,90.355346,92,2026-08-28 16:00:00
2290,107,13,375.0,111.003573,112,2026-08-28 16:00:00
2291,24,11,25.0,200.016,155,2026-08-28 16:00:00
2292,158,3,-50.0,162.933,165,2026-08-28 16:00:00
2293,76,3,50.0,168.058,165,2026-08-28 16:00:00
2294,60,11,1735.0,153.632265,155,2026-08-28 16:00:00
2295,94,5,1000.0,877.981,880,2026-08-28 16:00:00
2296,72,3,660.0,167.667364,165,2026-08-28 16:00:00
2297,88,5,-425.0,879.629106,880,2026-08-28 16:00:00
2298,97,15,115.0,558.293652,530,2026-08-28 16:00:00
2299,57,5,400.0,885.658225,880,2026-08-28 16:00:00
2300,82,7,350.0,200.226171,198,2026-08-28 16:00:00
2301,124,16,210.0,444.843714,450,2026-08-28 16:00:00
2302,4,7,25.0,227.4792,198,2026-08-28 16:00:00
2303,122,12,25.0,524.0956,520,2026-08-28 16:00:00
2304,30,15,400.0,540.445025,530,2026-08-28 16:00:00
2305,134,12,-100.0,518.6717,520,2026-08-28 16:00:00
2306,150,9,225.0,96.783333,97,2026-08-28 16:00:00
2307,44,1,125.0,189.17552,190,2026-08-28 16:00:00
2308,138,4,400.0,188.673275,185,2026-08-28 16:00:00
2309,100,6,900.0,505.3726,510,2026-08-28 16:00:00
2310,63,13,575.0,113.010122,112,2026-08-28 16:00:00
2311,64,5,185.0,882.836757,880,2026-08-28 16:00:00
2312,63,18,475.0,215.921411,215,2026-08-28 16:00:00
2313,71,13,400.0,107.950625,112,2026-08-28 16:00:00
2314,83,16,400.0,439.11645,450,2026-08-28 16:00:00
2315,8,6,1310.0,507.423634,510,2026-08-28 16:00:00
2316,76,17,-150.0,180.996667,205,2026-08-28 16:00:00
2317,114,11,10.0,207.85,155,2026-08-28 16:00:00
2318,127,20,402.0,77.288507,77,2026-08-28 16:00:00
2319,110,14,-100.0,154.555,155,2026-08-28 16:00:00
2320,128,8,185.0,441.897027,450,2026-08-28 16:00:00
2321,37,12,625.0,526.818624,520,2026-08-28 16:00:00
2322,8,17,-350.0,204.918571,205,2026-08-28 16:00:00
2323,58,13,90.0,116.057778,112,2026-08-28 16:00:00
2324,67,10,37.0,277.533514,275,2026-08-28 16:00:00
2325,157,6,375.0,503.992667,510,2026-08-28 16:00:00
2326,65,2,335.0,427.496866,420,2026-08-28 16:00:00
2327,68,3,550.0,165.370218,165,2026-08-28 16:00:00
2328,82,6,587.0,509.734787,510,2026-08-28 16:00:00
2329,130,10,360.0,266.950833,275,2026-08-28 16:00:00
2330,97,4,110.0,203.291091,185,2026-08-28 16:00:00
2331,113,13,250.0,113.464,112,2026-08-28 16:00:00
2332,123,19,-200.0,93.8091,92,2026-08-28 16:00:00
2333,88,10,-15.0,213.594667,275,2026-08-28 16:00:00
2334,74,3,-515.0,168.797282,165,2026-08-28 16:00:00
2335,120,20,275.0,71.888182,77,2026-08-28 16:00:00
2336,112,19,-50.0,86.22,92,2026-08-28 16:00:00
2337,5,15,125.0,539.0896,530,2026-08-28 16:00:00
2338,147,8,610.0,455.772213,450,2026-08-28 16:00:00
2339,151,4,675.0,187.246667,185,2026-08-28 16:00:00
2340,55,4,1275.0,183.381373,185,2026-08-28 16:00:00
2341,3,17,25.0,210.85,205,2026-08-28 16:00:00
2342,158,9,285.0,96.342632,97,2026-08-28 16:00:00
2343,91,3,360.0,163.753889,165,2026-08-28 16:00:00
2344,56,14,225.0,157.047467,155,2026-08-28 16:00:00
2345,8,3,475.0,165.398295,165,2026-08-28 16:00:00
2346,117,10,390.0,275.09141,275,2026-08-28 16:00:00
2347,64,8,500.0,442.19,450,2026-08-28 16:00:00
2348,46,14,500.0,151.965,155,2026-08-28 16:00:00
2349,15,11,510.0,148.719392,155,2026-08-28 16:00:00
2350,158,8,500.0,447.69,450,2026-08-28 16:00:00
2351,26,20,-350.0,77.971429,77,2026-08-28 16:00:00
2352,79,12,225.0,528.572,520,2026-08-28 16:00:00
2353,67,1,-115.0,186.637565,190,2026-08-28 16:00:00
2354,106,16,-375.0,459.68296,450,2026-08-28 16:00:00
2355,141,9,35.0,98.167143,97,2026-08-28 16:00:00
2356,68,14,300.0,155.0043,155,2026-08-28 16:00:00
2357,55,10,-240.0,289.025417,275,2026-08-28 16:00:00
2358,27,10,300.0,271.7416,275,2026-08-28 16:00:00
2359,142,4,275.0,183.121127,185,2026-08-28 16:00:00
2360,91,4,650.0,185.376923,185,2026-08-28 16:00:00
2361,109,8,750.0,451.061813,450,2026-08-28 16:00:00
2362,140,15,150.0,543.615,530,2026-08-28 16:00:00
2363,28,7,85.0,196.688235,198,2026-08-28 16:00:00
2364,2,12,1125.0,516.681493,520,2026-08-28 16:00:00
2365,91,19,175.0,91.323829,92,2026-08-28 16:00:00
2366,29,3,525.0,168.154114,165,2026-08-28 16:00:00
2367,55,6,-425.0,528.338212,510,2026-08-28 16:00:00
2368,39,17,625.0,201.868,205,2026-08-28 16:00:00
2369,138,10,550.0,274.282145,275,2026-08-28 16:00:00
2370,73,11,610.0,155.149082,155,2026-08-28 16:00:00
2371,18,17,-8.0,194.5725,205,2026-08-28 16:00:00
2372,58,16,160.0,455.59375,450,2026-08-28 16:00:00
2373,63,12,35.0,674.227143,520,2026-08-28 16:00:00
2374,137,3,460.0,163.525435,165,2026-08-28 16:00:00
2375,160,4,-65.0,170.732154,185,2026-08-28 16:00:00
2376,134,18,-140.0,217.458929,215,2026-08-28 16:00:00
2377,26,18,85.0,233.898941,215,2026-08-28 16:00:00
2378,114,19,165.0,93.884424,92,2026-08-28 16:00:00
2379,86,17,210.0,206.254381,205,2026-08-28 16:00:00
2380,45,1,450.0,192.242222,190,2026-08-28 16:00:00
2381,92,12,210.0,515.814524,520,2026-08-28 16:00:00
2382,11,5,475.0,872.915263,880,2026-08-28 16:00:00
2383,85,17,415.0,204.535422,205,2026-08-28 16:00:00
2384,24,9,1300.0,96.490769,97,2026-08-28 16:00:00
2385,33,2,-10.0,423.25,420,2026-08-28 16:00:00
2386,139,10,515.0,275.80835,275,2026-08-28 16:00:00
2387,144,10,465.0,273.442796,275,2026-08-28 16:00:00
2388,30,12,-75.0,501.736667,520,2026-08-28 16:00:00
2389,74,19,100.0,91.361,92,2026-08-28 16:00:00
2390,30,1,450.0,191.134889,190,2026-08-28 16:00:00
2391,123,3,625.0,169.57984,165,2026-08-28 16:00:00
2392,105,18,1000.0,212.699,215,2026-08-28 16:00:00
2393,121,1,290.0,191.885,190,2026-08-28 16:00:00
2394,31,15,235.0,530.617234,530,2026-08-28 16:00:00
2395,57,6,235.0,502.361532,510,2026-08-28 16:00:00
2396,89,5,315.0,881.053429,880,2026-08-28 16:00:00
2397,111,7,60.0,166.3,198,2026-08-28 16:00:00
2398,2,8,215.0,448.174698,450,2026-08-28 16:00:00
2399,76,11,100.0,152.2888,155,2026-08-28 16:00:00
2400,40,4,350.0,187.438571,185,2026-08-28 16:00:00
2401,70,11,725.0,154.406207,155,2026-08-28 16:00:00
2402,143,10,200.0,276.28625,275,2026-08-28 16:00:00
2403,115,14,425.0,151.452353,155,2026-08-28 16:00:00
2404,76,5,210.0,879.398571,880,2026-08-28 16:00:00
2405,58,5,110.0,898.262727,880,2026-08-28 16:00:00
2406,107,9,550.0,98.677273,97,2026-08-28 16:00:00
2407,74,20,200.0,75.373,77,2026-08-28 16:00:00
2408,104,10,510.0,274.439549,275,2026-08-28 16:00:00
2409,46,8,210.0,447.012857,450,2026-08-28 16:00:00
2410,130,2,610.0,420.414508,420,2026-08-28 16:00:00
2411,115,11,-225.0,160.36,155,2026-08-28 16:00:00
2412,49,15,15.0,560.15,530,2026-08-28 16:00:00
2413,99,3,210.0,163.444762,165,2026-08-28 16:00:00
2414,42,18,50.0,198.945,215,2026-08-28 16:00:00
2415,55,15,175.0,529.612114,530,2026-08-28 16:00:00
2416,41,6,475.0,511.531579,510,2026-08-28 16:00:00
2417,15,6,10.0,515.424,510,2026-08-28 16:00:00
2418,151,10,-25.0,255.72,275,2026-08-28 16:00:00
2419,42,5,400.0,875.4725,880,2026-08-28 16:00:00
2420,142,17,-244.0,194.207828,205,2026-08-28 16:00:00
2421,111,5,675.0,867.264815,880,2026-08-28 16:00:00
2422,94,13,225.0,112.306667,112,2026-08-28 16:00:00
2423,26,2,335.0,423.371791,420,2026-08-28 16:00:00
2424,45,5,500.0,874.3,880,2026-08-28 16:00:00
2425,61,4,550.0,185.747618,185,2026-08-28 16:00:00
2426,75,1,90.0,184.616667,190,2026-08-28 16:00:00
2427,156,2,495.0,426.866081,420,2026-08-28 16:00:00
2428,67,4,200.0,181.48,185,2026-08-28 16:00:00
2429,157,20,185.0,77.184595,77,2026-08-28 16:00:00
2430,8,19,585.0,94.591026,92,2026-08-28 16:00:00
2431,113,12,745.0,529.464362,520,2026-08-28 16:00:00
2432,38,15,535.0,538.868037,530,2026-08-28 16:00:00
2433,1,15,210.0,552.673429,530,2026-08-28 16:00:00
2434,111,1,25.0,191.91,190,2026-08-28 16:00:00
2435,102,13,10.0,19.597,112,2026-08-28 16:00:00
2436,37,11,665.0,157.237128,155,2026-08-28 16:00:00
2437,144,1,25.0,150.0176,190,2026-08-28 16:00:00
2438,141,12,250.0,529.636,520,2026-08-28 16:00:00
2439,130,19,350.0,90.639286,92,2026-08-28 16:00:00
2440,20,12,650.0,515.107692,520,2026-08-28 16:00:00
2441,79,17,1010.0,202.932248,205,2026-08-28 16:00:00
2442,138,1,545.0,194.95011,190,2026-08-28 16:00:00
2443,11,3,100.0,164.9267,165,2026-08-28 16:00:00
2444,101,14,590.0,152.721695,155,2026-08-28 16:00:00
2445,31,20,615.0,76.483902,77,2026-08-28 16:00:00
2446,104,2,260.0,416.372846,420,2026-08-28 16:00:00
2447,10,18,-205.0,210.616341,215,2026-08-28 16:00:00
2448,77,11,1310.0,154.437672,155,2026-08-28 16:00:00
2449,132,4,300.0,185.5415,185,2026-08-28 16:00:00
2450,77,10,410.0,276.999951,275,2026-08-28 16:00:00
2451,87,3,785.0,163.158726,165,2026-08-28 16:00:00
2452,2,1,185.0,191.721514,190,2026-08-28 16:00:00
2453,141,8,-25.0,484.66,450,2026-08-28 16:00:00
2454,29,20,75.0,74.055067,77,2026-08-28 16:00:00
2455,10,8,670.0,460.110955,450,2026-08-28 16:00:00
2456,125,5,850.0,886.026941,880,2026-08-28 16:00:00
2457,157,15,335.0,528.562925,530,2026-08-28 16:00:00
2458,125,12,325.0,515.761046,520,2026-08-28 16:00:00
2459,144,18,175.0,208.176457,215,2026-08-28 16:00:00
2460,105,12,640.0,515.338844,520,2026-08-28 16:00:00
2461,105,5,510.0,858.726667,880,2026-08-28 16:00:00
2462,80,9,10.0,98.69,97,2026-08-28 16:00:00
2463,100,2,-35.0,446.361714,420,2026-08-28 16:00:00
2464,81,5,940.0,872.991021,880,2026-08-28 16:00:00
2465,125,3,200.0,166.1575,165,2026-08-28 16:00:00
2466,71,14,-265.0,158.361321,155,2026-08-28 16:00:00
2467,127,8,685.0,457.089416,450,2026-08-28 16:00:00
2468,41,13,-500.0,112.80292,112,2026-08-28 16:00:00
2469,153,3,700.0,163.179286,165,2026-08-28 16:00:00
2470,71,20,90.0,78.952889,77,2026-08-28 16:00:00
2471,47,11,295.0,156.974237,155,2026-08-28 16:00:00
2472,62,12,50.0,530.3858,520,2026-08-28 16:00:00
2473,102,9,525.0,96.952876,97,2026-08-28 16:00:00
2474,85,20,140.0,77.972857,77,2026-08-28 16:00:00
2475,46,9,450.0,96.341444,97,2026-08-28 16:00:00
2476,57,11,150.0,154.999,155,2026-08-28 16:00:00
2477,160,20,-50.0,70.048,77,2026-08-28 16:00:00
2478,106,18,140.0,213.968786,215,2026-08-28 16:00:00
2479,14,14,150.0,143.5488,155,2026-08-28 16:00:00
2480,110,16,-160.0,448.385312,450,2026-08-28 16:00:00
2481,43,8,1350.0,456.740711,450,2026-08-28 16:00:00
2482,159,18,-140.0,232.015,215,2026-08-28 16:00:00
2483,21,3,1010.0,164.449554,165,2026-08-28 16:00:00
2484,45,15,310.0,525.800645,530,2026-08-28 16:00:00
2485,48,2,75.0,426.296667,420,2026-08-28 16:00:00
2486,119,3,900.0,165.848889,165,2026-08-28 16:00:00
2487,66,4,25.0,178.7004,185,2026-08-28 16:00:00
2488,66,10,500.0,278.38,275,2026-08-28 16:00:00
2489,69,7,450.0,195.565289,198,2026-08-28 16:00:00
2490,65,3,300.0,164.033833,165,2026-08-28 16:00:00
2491,123,17,200.0,206.245,205,2026-08-28 16:00:00
2492,101,9,585.0,98.202906,97,2026-08-28 16:00:00
2493,14,9,760.0,95.449421,97,2026-08-28 16:00:00
2494,2,5,-50.0,957.02,880,2026-08-28 16:00:00
2495,90,2,1000.0,425.36634,420,2026-08-28 16:00:00
2496,55,13,-140.0,113.532143,112,2026-08-28 16:00:00
2497,124,10,-135.0,284.872,275,2026-08-28 16:00:00
2498,98,10,200.0,272.015,275,2026-08-28 16:00:00
2499,153,5,125.0,871.018,880,2026-08-28 16:00:00
2500,26,17,775.0,208.314194,205,2026-08-28 16:00:00
2501,18,8,215.0,457.896605,450,2026-08-28 16:00:00
2502,52,15,760.0,532.885447,530,2026-08-28 16:00:00
2503,112,6,65.0,502.241538,510,2026-08-28 16:00:00
2504,47,16,-200.0,449.10215,450,2026-08-28 16:00:00
2505,86,4,125.0,203.9676,185,2026-08-28 16:00:00
2506,108,10,150.0,273.841667,275,2026-08-28 16:00:00
2507,3,9,485.0,98.969031,97,2026-08-28 16:00:00
2508,81,3,20.0,116.0895,165,2026-08-28 16:00:00
2509,91,13,125.0,110.3856,112,2026-08-28 16:00:00
2510,9,8,505.0,446.231782,450,2026-08-28 16:00:00
2511,133,12,675.0,517.379259,520,2026-08-28 16:00:00
2512,23,13,370.0,110.727568,112,2026-08-28 16:00:00
2513,106,12,625.0,516.19216,520,2026-08-28 16:00:00
2514,36,18,50.0,216.325,215,2026-08-28 16:00:00
2515,38,12,290.0,531.815034,520,2026-08-28 16:00:00
2516,64,10,425.0,267.792353,275,2026-08-28 16:00:00
2517,45,17,350.0,201.21,205,2026-08-28 16:00:00
2518,123,15,-110.0,564.093182,530,2026-08-28 16:00:00
2519,7,10,775.0,273.617574,275,2026-08-28 16:00:00
2520,22,2,600.0,424.990833,420,2026-08-28 16:00:00
2521,52,17,-75.0,220.14,205,2026-08-28 16:00:00
2522,154,17,-440.0,202.534614,205,2026-08-28 16:00:00
2523,50,1,175.0,186.347771,190,2026-08-28 16:00:00
2524,125,17,125.0,214.45,205,2026-08-28 16:00:00
2525,145,9,447.0,97.329016,97,2026-08-28 16:00:00
2526,13,19,120.0,93.920167,92,2026-08-28 16:00:00
2527,104,4,-1070.0,185.546047,185,2026-08-28 16:00:00
2528,59,7,350.0,190.825057,198,2026-08-28 16:00:00
2529,63,5,-40.0,904.83825,880,2026-08-28 16:00:00
2530,100,18,100.0,226.0506,215,2026-08-28 16:00:00
2531,12,3,350.0,167.353143,165,2026-08-28 16:00:00
2532,128,9,250.0,97.68188,97,2026-08-28 16:00:00
2533,28,18,470.0,216.995532,215,2026-08-28 16:00:00
2534,152,1,200.0,193.84,190,2026-08-28 16:00:00
2535,151,19,-50.0,104.3104,92,2026-08-28 16:00:00
2536,4,19,-255.0,91.748157,92,2026-08-28 16:00:00
2537,65,16,-990.0,449.149485,450,2026-08-28 16:00:00
2538,159,10,-265.0,283.750377,275,2026-08-28 16:00:00
2539,120,4,45.0,188.202889,185,2026-08-28 16:00:00
2540,126,14,300.0,155.935833,155,2026-08-28 16:00:00
2541,48,11,465.0,156.68228,155,2026-08-28 16:00:00
2542,49,19,700.0,92.421914,92,2026-08-28 16:00:00
2543,148,20,130.0,77.784846,77,2026-08-28 16:00:00
2544,9,12,175.0,522.922457,520,2026-08-28 16:00:00
2545,32,15,400.0,529.6658,530,2026-08-28 16:00:00
2546,41,4,-440.0,191.725955,185,2026-08-28 16:00:00
2547,91,11,-100.0,153.6573,155,2026-08-28 16:00:00
2548,137,4,875.0,184.8604,185,2026-08-28 16:00:00
2549,33,9,-275.0,99.860836,97,2026-08-28 16:00:00
2550,128,2,410.0,422.33061,420,2026-08-28 16:00:00
2551,53,12,460.0,520.935978,520,2026-08-28 16:00:00
2552,94,9,50.0,91.49,97,2026-08-28 16:00:00
2553,79,14,500.0,150.52992,155,2026-08-28 16:00:00
2554,88,4,360.0,182.774611,185,2026-08-28 16:00:00
2555,61,17,310.0,205.88371,205,2026-08-28 16:00:00
2556,54,20,575.0,78.079009,77,2026-08-28 16:00:00
2557,137,6,295.0,501.30678,510,2026-08-28 16:00:00
2558,129,2,425.0,407.053976,420,2026-08-28 16:00:00
2559,37,19,510.0,92.040961,92,2026-08-28 16:00:00
2560,19,2,585.0,422.275385,420,2026-08-28 16:00:00
2561,89,15,935.0,524.268631,530,2026-08-28 16:00:00
2562,115,8,600.0,457.37855,450,2026-08-28 16:00:00
2563,10,15,500.0,538.47698,530,2026-08-28 16:00:00
2564,86,20,-175.0,77.776571,77,2026-08-28 16:00:00
2565,69,9,25.0,15.722,97,2026-08-28 16:00:00
2566,50,11,-500.0,157.0558,155,2026-08-28 16:00:00
2567,141,1,300.0,188.946667,190,2026-08-28 16:00:00
2568,5,18,10.0,219.709,215,2026-08-28 16:00:00
2569,136,19,525.0,94.058133,92,2026-08-28 16:00:00
2570,62,13,25.0,112.9664,112,2026-08-28 16:00:00
2571,48,12,1025.0,513.323317,520,2026-08-28 16:00:00
2572,114,20,-150.0,76.584267,77,2026-08-28 16:00:00
2573,91,9,600.0,95.1783,97,2026-08-28 16:00:00
2574,123,6,25.0,410.24,510,2026-08-28 16:00:00
2575,67,20,10.0,63.37,77,2026-08-28 16:00:00
2576,113,11,615.0,156.014407,155,2026-08-28 16:00:00
2577,109,13,650.0,113.030385,112,2026-08-28 16:00:00
2578,132,11,475.0,150.496021,155,2026-08-28 16:00:00
2579,14,20,725.0,77.008041,77,2026-08-28 16:00:00
2580,91,17,350.0,206.006429,205,2026-08-28 16:00:00
2581,40,20,-510.0,75.229922,77,2026-08-28 16:00:00
2582,32,19,125.0,91.8708,92,2026-08-28 16:00:00
2583,113,3,410.0,160.828902,165,2026-08-28 16:00:00
2584,57,16,245.0,446.75449,450,2026-08-28 16:00:00
2585,84,19,-350.0,90.757543,92,2026-08-28 16:00:00
2586,133,19,-65.0,94.776,92,2026-08-28 16:00:00
2587,14,10,545.0,273.419651,275,2026-08-28 16:00:00
2588,55,1,50.0,211.61,190,2026-08-28 16:00:00
2589,78,7,50.0,187.52,198,2026-08-28 16:00:00
2590,40,12,125.0,513.90736,520,2026-08-28 16:00:00
2591,31,11,760.0,153.813355,155,2026-08-28 16:00:00
2592,8,4,840.0,188.171369,185,2026-08-28 16:00:00
2593,134,19,-65.0,93.461692,92,2026-08-28 16:00:00
2594,71,11,575.0,156.673913,155,2026-08-28 16:00:00
2595,129,15,860.0,540.332965,530,2026-08-28 16:00:00
2596,42,17,290.0,205.322345,205,2026-08-28 16:00:00
2597,149,14,360.0,152.238611,155,2026-08-28 16:00:00
2598,140,17,625.0,204.890544,205,2026-08-28 16:00:00
2599,147,12,-60.0,518.823667,520,2026-08-28 16:00:00
2600,118,9,690.0,97.746797,97,2026-08-28 16:00:00
2601,43,11,350.0,153.23,155,2026-08-28 16:00:00
2602,90,9,245.0,95.821224,97,2026-08-28 16:00:00
2603,106,8,-460.0,462.217391,450,2026-08-28 16:00:00
2604,14,11,325.0,155.212308,155,2026-08-28 16:00:00
2605,144,20,110.0,78.701091,77,2026-08-28 16:00:00
2606,152,3,525.0,163.311905,165,2026-08-28 16:00:00
2607,80,2,275.0,423.083709,420,2026-08-28 16:00:00
2608,146,9,150.0,97.154,97,2026-08-28 16:00:00
2609,21,10,35.0,279.971429,275,2026-08-28 16:00:00
2610,159,1,425.0,188.296471,190,2026-08-28 16:00:00
2611,87,20,300.0,75.569167,77,2026-08-28 16:00:00
2612,150,7,125.0,198.592,198,2026-08-28 16:00:00
2613,129,9,25.0,121.07,97,2026-08-28 16:00:00
2614,49,3,50.0,164.655,165,2026-08-28 16:00:00
2615,75,11,265.0,152.969811,155,2026-08-28 16:00:00
2616,20,17,-665.0,208.976241,205,2026-08-28 16:00:00
2617,145,15,125.0,545.03592,530,2026-08-28 16:00:00
2618,37,2,150.0,430.6,420,2026-08-28 16:00:00
2619,87,5,375.0,897.754,880,2026-08-28 16:00:00
2620,42,4,-415.0,181.979084,185,2026-08-28 16:00:00
2621,104,18,-240.0,213.165417,215,2026-08-28 16:00:00
2622,79,4,525.0,187.307619,185,2026-08-28 16:00:00
2623,144,15,825.0,533.754691,530,2026-08-28 16:00:00
2624,85,15,120.0,517.316667,530,2026-08-28 16:00:00
2625,67,2,275.0,421.164727,420,2026-08-28 16:00:00
2626,39,7,125.0,194.644,198,2026-08-28 16:00:00
2627,130,14,1025.0,151.646156,155,2026-08-28 16:00:00
2628,157,9,825.0,97.981467,97,2026-08-28 16:00:00
2629,73,15,225.0,537.119911,530,2026-08-28 16:00:00
2630,76,19,50.0,74.66,92,2026-08-28 16:00:00
2631,113,7,-15.0,228.99,198,2026-08-28 16:00:00
2632,7,12,1075.0,513.946493,520,2026-08-28 16:00:00
2633,114,3,375.0,164.587333,165,2026-08-28 16:00:00
2634,44,9,90.0,97.864444,97,2026-08-28 16:00:00
2635,152,12,450.0,521.584444,520,2026-08-28 16:00:00
2636,123,12,50.0,511.43,520,2026-08-28 16:00:00
2637,71,8,-25.0,410.19,450,2026-08-28 16:00:00
2638,53,1,285.0,187.05807,190,2026-08-28 16:00:00
2639,72,17,50.0,206.3304,205,2026-08-28 16:00:00
2640,92,8,375.0,445.056667,450,2026-08-28 16:00:00
2641,41,19,300.0,92.273333,92,2026-08-28 16:00:00
2642,37,14,310.0,155.402161,155,2026-08-28 16:00:00
2643,115,4,350.0,175.615,185,2026-08-28 16:00:00
2644,84,16,325.0,443.278462,450,2026-08-28 16:00:00
2645,123,7,510.0,200.761392,198,2026-08-28 16:00:00
2646,42,14,150.0,154.41,155,2026-08-28 16:00:00
2647,16,13,200.0,113.93055,112,2026-08-28 16:00:00
2648,124,1,700.0,185.146429,190,2026-08-28 16:00:00
2649,89,11,375.0,153.386,155,2026-08-28 16:00:00
2650,40,6,225.0,516.178889,510,2026-08-28 16:00:00
2651,101,3,-75.0,160.056667,165,2026-08-28 16:00:00
2652,21,1,425.0,188.822659,190,2026-08-28 16:00:00
2653,86,3,1450.0,165.22931,165,2026-08-28 16:00:00
2654,140,5,-850.0,883.313965,880,2026-08-28 16:00:00
2655,3,6,500.0,508.49678,510,2026-08-28 16:00:00
2656,4,3,635.0,163.192236,165,2026-08-28 16:00:00
2657,3,13,-325.0,117.199846,112,2026-08-28 16:00:00
2658,1,9,475.0,97.544842,97,2026-08-28 16:00:00
2659,96,17,801.0,204.61367,205,2026-08-28 16:00:00
2660,3,19,410.0,90.612805,92,2026-08-28 16:00:00
2661,85,2,300.0,420.961667,420,2026-08-28 16:00:00
2662,36,6,335.0,511.044239,510,2026-08-28 16:00:00
2663,51,16,960.0,456.607458,450,2026-08-28 16:00:00
2664,80,1,700.0,192.290143,190,2026-08-28 16:00:00
2665,2,7,535.0,201.059159,198,2026-08-28 16:00:00
2666,77,5,575.0,876.084017,880,2026-08-28 16:00:00
2667,32,10,975.0,280.077149,275,2026-08-28 16:00:00
2668,49,6,100.0,512.3075,510,2026-08-28 16:00:00
2669,108,7,-175.0,194.595943,198,2026-08-28 16:00:00
2670,42,13,350.0,113.260229,112,2026-08-28 16:00:00
2671,135,13,150.0,114.62,112,2026-08-28 16:00:00
2672,16,14,100.0,155.0525,155,2026-08-28 16:00:00
2673,17,4,350.0,190.748943,185,2026-08-28 16:00:00
2674,83,4,550.0,180.847527,185,2026-08-28 16:00:00
2675,93,8,325.0,458.303846,450,2026-08-28 16:00:00
2676,110,7,-550.0,192.306964,198,2026-08-28 16:00:00
2677,56,18,625.0,218.18312,215,2026-08-28 16:00:00
2678,47,7,535.0,199.759159,198,2026-08-28 16:00:00
2679,30,10,910.0,275.00044,275,2026-08-28 16:00:00
2680,3,20,75.0,81.86,77,2026-08-28 16:00:00
2681,96,1,175.0,189.887314,190,2026-08-28 16:00:00
2682,103,1,25.0,193.3212,190,2026-08-28 16:00:00
2683,108,9,540.0,98.221296,97,2026-08-28 16:00:00
2684,136,4,650.0,185.226154,185,2026-08-28 16:00:00
2685,24,14,150.0,163.55,155,2026-08-28 16:00:00
2686,131,17,450.0,204.487222,205,2026-08-28 16:00:00
2687,157,13,375.0,110.58344,112,2026-08-28 16:00:00
2688,23,12,250.0,513.244,520,2026-08-28 16:00:00
2689,81,19,360.0,91.391028,92,2026-08-28 16:00:00
2690,76,4,250.0,183.604,185,2026-08-28 16:00:00
2691,111,13,450.0,111.161111,112,2026-08-28 16:00:00
2692,46,7,-965.0,199.256788,198,2026-08-28 16:00:00
2693,26,1,-50.0,179.9408,190,2026-08-28 16:00:00
2694,106,6,250.0,510.97028,510,2026-08-28 16:00:00
2695,149,2,60.0,507.649167,420,2026-08-28 16:00:00
2696,85,16,475.0,465.017663,450,2026-08-28 16:00:00
2697,24,3,100.0,164.9759,165,2026-08-28 16:00:00
2698,105,10,595.0,278.58321,275,2026-08-28 16:00:00
2699,92,1,135.0,187.445259,190,2026-08-28 16:00:00
2700,13,6,85.0,512.121765,510,2026-08-28 16:00:00
2701,66,17,935.0,202.182053,205,2026-08-28 16:00:00
2702,29,9,515.0,98.19699,97,2026-08-28 16:00:00
2703,156,18,25.0,204.23,215,2026-08-28 16:00:00
2704,47,14,250.0,156.5512,155,2026-08-28 16:00:00
2705,64,2,640.0,423.276953,420,2026-08-28 16:00:00
2706,109,9,200.0,98.91965,97,2026-08-28 16:00:00
2707,59,2,95.0,414.645053,420,2026-08-28 16:00:00
2708,105,3,-10.0,168.101,165,2026-08-28 16:00:00
2709,145,10,500.0,273.69296,275,2026-08-28 16:00:00
2710,10,2,485.0,422.600619,420,2026-08-28 16:00:00
2711,33,11,1150.0,156.653791,155,2026-08-28 16:00:00
2712,59,8,700.0,457.797357,450,2026-08-28 16:00:00
2713,144,5,-375.0,908.571333,880,2026-08-28 16:00:00
2714,95,19,750.0,90.393147,92,2026-08-28 16:00:00
2715,47,10,440.0,273.577841,275,2026-08-28 16:00:00
2716,131,13,100.0,112.455,112,2026-08-28 16:00:00
2717,159,2,-100.0,437.1531,420,2026-08-28 16:00:00
2718,129,14,625.0,157.229936,155,2026-08-28 16:00:00
2719,32,14,60.0,158.212833,155,2026-08-28 16:00:00
2720,140,9,290.0,96.174138,97,2026-08-28 16:00:00
2721,26,9,700.0,98.124643,97,2026-08-28 16:00:00
2722,87,8,-25.0,437.4996,450,2026-08-28 16:00:00
2723,9,7,810.0,199.191395,198,2026-08-28 16:00:00
2724,93,6,110.0,515.53,510,2026-08-28 16:00:00
2725,143,5,175.0,883.457086,880,2026-08-28 16:00:00
2726,104,12,-525.0,519.887905,520,2026-08-28 16:00:00
2727,72,1,-25.0,172.3304,190,2026-08-28 16:00:00
2728,84,14,550.0,156.458182,155,2026-08-28 16:00:00
2729,155,16,650.0,458.923077,450,2026-08-28 16:00:00
2730,76,7,25.0,203.45,198,2026-08-28 16:00:00
2731,135,19,235.0,92.011915,92,2026-08-28 16:00:00
2732,102,11,-200.0,157.37375,155,2026-08-28 16:00:00
2733,54,7,285.0,196.626491,198,2026-08-28 16:00:00
2734,57,13,500.0,112.62,112,2026-08-28 16:00:00
2735,57,14,-75.0,172.045067,155,2026-08-28 16:00:00
2736,152,15,475.0,536.1,530,2026-08-28 16:00:00
2737,56,9,575.0,98.765217,97,2026-08-28 16:00:00
2738,137,9,125.0,95.49,97,2026-08-28 16:00:00
2739,9,17,25.0,248.536,205,2026-08-28 16:00:00
2740,145,7,875.0,199.203429,198,2026-08-28 16:00:00
2741,146,20,185.0,77.254865,77,2026-08-28 16:00:00
2742,120,11,810.0,156.448086,155,2026-08-28 16:00:00
2743,143,13,50.0,113.0608,112,2026-08-28 16:00:00
2744,96,4,-465.0,179.913161,185,2026-08-28 16:00:00
2745,149,1,225.0,192.602222,190,2026-08-28 16:00:00
2746,63,15,325.0,516.4,530,2026-08-28 16:00:00
2747,85,1,400.0,194.065,190,2026-08-28 16:00:00
2748,109,18,270.0,209.866111,215,2026-08-28 16:00:00
2749,47,2,700.0,414.158586,420,2026-08-28 16:00:00
2750,42,2,645.0,422.463364,420,2026-08-28 16:00:00
2751,22,3,235.0,166.635362,165,2026-08-28 16:00:00
2752,23,17,50.0,207.365,205,2026-08-28 16:00:00
2753,120,6,75.0,519.396,510,2026-08-28 16:00:00
2754,122,3,800.0,162.726538,165,2026-08-28 16:00:00
2755,93,13,75.0,110.406667,112,2026-08-28 16:00:00
2756,69,2,-50.0,410.83,420,2026-08-28 16:00:00
2757,154,18,75.0,219.702,215,2026-08-28 16:00:00
2758,72,16,325.0,436.876615,450,2026-08-28 16:00:00
2759,49,2,175.0,437.594286,420,2026-08-28 16:00:00
2760,114,15,270.0,540.542037,530,2026-08-28 16:00:00
2761,160,2,475.0,418.454632,420,2026-08-28 16:00:00
2762,94,18,165.0,213.022606,215,2026-08-28 16:00:00
2763,42,7,10.0,316.92,198,2026-08-28 16:00:00
2764,34,9,150.0,99.565667,97,2026-08-28 16:00:00
2765,131,16,-140.0,439.584786,450,2026-08-28 16:00:00
2766,138,17,425.0,208.843529,205,2026-08-28 16:00:00
2767,86,14,625.0,153.692608,155,2026-08-28 16:00:00
2768,142,14,225.0,149.758889,155,2026-08-28 16:00:00
2769,160,15,60.0,476.019333,530,2026-08-28 16:00:00
2770,43,14,50.0,179.975,155,2026-08-28 16:00:00
2771,107,10,200.0,274.50075,275,2026-08-28 16:00:00
2772,60,9,-40.0,91.90775,97,2026-08-28 16:00:00
2773,55,2,-25.0,376.79,420,2026-08-28 16:00:00
2774,81,7,300.0,201.995,198,2026-08-28 16:00:00
2775,12,16,550.0,436.705455,450,2026-08-28 16:00:00
2776,116,3,-65.0,168.492769,165,2026-08-28 16:00:00
2777,103,3,900.0,161.823333,165,2026-08-28 16:00:00
2778,149,19,50.0,92.1824,92,2026-08-28 16:00:00
2779,1,8,-260.0,477.653462,450,2026-08-28 16:00:00
2780,50,2,-400.0,428.629375,420,2026-08-28 16:00:00
2781,41,15,-40.0,658.05825,530,2026-08-28 16:00:00
2782,63,4,-125.0,184.87392,185,2026-08-28 16:00:00
2783,85,10,625.0,278.0104,275,2026-08-28 16:00:00
2784,23,9,250.0,95.33616,97,2026-08-28 16:00:00
2785,122,16,725.0,455.12709,450,2026-08-28 16:00:00
2786,10,19,415.0,92.961976,92,2026-08-28 16:00:00
2787,18,13,210.0,113.313333,112,2026-08-28 16:00:00
2788,96,10,250.0,268.982,275,2026-08-28 16:00:00
2789,150,16,635.0,452.175276,450,2026-08-28 16:00:00
2790,23,7,100.0,202.31,198,2026-08-28 16:00:00
2791,96,6,-415.0,513.749133,510,2026-08-28 16:00:00
2792,7,8,388.0,447.906469,450,2026-08-28 16:00:00
2793,38,3,-175.0,163.955314,165,2026-08-28 16:00:00
2794,34,12,725.0,524.131007,520,2026-08-28 16:00:00
2795,77,4,560.0,183.915036,185,2026-08-28 16:00:00
2796,65,15,-250.0,506.139,530,2026-08-28 16:00:00
2797,14,4,-325.0,190.659538,185,2026-08-28 16:00:00
2798,12,15,100.0,534.905,530,2026-08-28 16:00:00
2799,43,2,172.0,423.696628,420,2026-08-28 16:00:00
2800,158,18,-75.0,233.826533,215,2026-08-28 16:00:00
2801,24,19,250.0,93.135,92,2026-08-28 16:00:00
2802,124,15,575.0,530.441722,530,2026-08-28 16:00:00
2803,102,15,575.0,529.733809,530,2026-08-28 16:00:00
2804,143,7,200.0,193.3525,198,2026-08-28 16:00:00
2805,126,9,625.0,97.877008,97,2026-08-28 16:00:00
2806,77,3,-40.0,171.80875,165,2026-08-28 16:00:00
2807,45,4,800.0,184.415237,185,2026-08-28 16:00:00
2808,33,14,-200.0,158.36,155,2026-08-28 16:00:00
2809,18,12,-490.0,520.934592,520,2026-08-28 16:00:00
2810,37,7,275.0,194.783091,198,2026-08-28 16:00:00
2811,138,13,150.0,127.589267,112,2026-08-28 16:00:00
2812,24,7,110.0,194.687636,198,2026-08-28 16:00:00
2813,104,9,1175.0,96.420485,97,2026-08-28 16:00:00
2814,78,19,595.0,92.475025,92,2026-08-28 16:00:00
2815,140,1,625.0,189.861712,190,2026-08-28 16:00:00
2816,158,13,260.0,112.642692,112,2026-08-28 16:00:00
2817,9,10,1038.0,273.236358,275,2026-08-28 16:00:00
2818,154,15,250.0,520.13628,530,2026-08-28 16:00:00
2819,10,7,760.0,194.474079,198,2026-08-28 16:00:00
2820,45,6,125.0,518.65792,510,2026-08-28 16:00:00
2821,78,20,685.0,77.610146,77,2026-08-28 16:00:00
2822,44,11,-525.0,156.284533,155,2026-08-28 16:00:00
2823,83,11,-50.0,129.7142,155,2026-08-28 16:00:00
2824,125,11,25.0,150.448,155,2026-08-28 16:00:00
2825,79,5,25.0,750.93,880,2026-08-28 16:00:00
2826,67,8,-150.0,449.893333,450,2026-08-28 16:00:00
2827,151,2,125.0,416.872,420,2026-08-28 16:00:00
2828,134,6,108.0,502.630463,510,2026-08-28 16:00:00
2829,134,2,50.0,453.2204,420,2026-08-28 16:00:00
2830,137,5,710.0,905.381197,880,2026-08-28 16:00:00
2831,90,19,850.0,93.423906,92,2026-08-28 16:00:00
2832,83,8,-75.0,434.43,450,2026-08-28 16:00:00
2833,133,8,75.0,446.14,450,2026-08-28 16:00:00
2834,49,7,400.0,198.04025,198,2026-08-28 16:00:00
2835,60,8,-75.0,473.4268,450,2026-08-28 16:00:00
2836,39,16,200.0,451.35625,450,2026-08-28 16:00:00
2837,68,8,200.0,434.005,450,2026-08-28 16:00:00
2838,150,14,-450.0,154.591111,155,2026-08-28 16:00:00
2839,125,14,110.0,158.595,155,2026-08-28 16:00:00
2840,27,8,350.0,447.861429,450,2026-08-28 16:00:00
2841,3,8,35.0,580.252571,450,2026-08-28 16:00:00
2842,118,12,120.0,515.947167,520,2026-08-28 16:00:00
2843,74,6,150.0,548.332067,510,2026-08-28 16:00:00
2844,17,12,78.0,523.957051,520,2026-08-28 16:00:00
2845,37,6,325.0,508.836985,510,2026-08-28 16:00:00
2846,57,2,-350.0,412.636857,420,2026-08-28 16:00:00
2847,148,5,-100.0,875.3968,880,2026-08-28 16:00:00
2848,10,9,-425.0,98.759412,97,2026-08-28 16:00:00
2849,75,7,35.0,248.257143,198,2026-08-28 16:00:00
2850,52,3,825.0,162.067273,165,2026-08-28 16:00:00
2851,81,10,650.0,279.474615,275,2026-08-28 16:00:00
2852,11,13,-150.0,109.507,112,2026-08-28 16:00:00
2853,151,12,625.0,519.361552,520,2026-08-28 16:00:00
2854,100,17,150.0,206.23,205,2026-08-28 16:00:00
2855,9,13,490.0,114.018878,112,2026-08-28 16:00:00
2856,39,6,225.0,507.021111,510,2026-08-28 16:00:00
2857,20,5,10.0,1111.54,880,2026-08-28 16:00:00
2858,39,3,-75.0,174.05,165,2026-08-28 16:00:00
2859,93,1,85.0,190.016235,190,2026-08-28 16:00:00
2860,18,15,316.0,538.028608,530,2026-08-28 16:00:00
2861,8,12,1500.0,524.063333,520,2026-08-28 16:00:00
2862,142,19,785.0,92.047924,92,2026-08-28 16:00:00
2863,19,20,220.0,76.411682,77,2026-08-28 16:00:00
2864,48,10,60.0,271.498333,275,2026-08-28 16:00:00
2865,156,8,120.0,449.753333,450,2026-08-28 16:00:00
2866,34,11,-315.0,158.746667,155,2026-08-28 16:00:00
2867,118,18,910.0,219.145989,215,2026-08-28 16:00:00
2868,17,8,310.0,455.468548,450,2026-08-28 16:00:00
2869,23,4,1225.0,182.924506,185,2026-08-28 16:00:00
2870,3,4,510.0,187.873824,185,2026-08-28 16:00:00
2871,153,14,410.0,155.777878,155,2026-08-28 16:00:00
2872,106,20,350.0,78.552857,77,2026-08-28 16:00:00
2873,69,3,460.0,165.128783,165,2026-08-28 16:00:00
2874,136,1,1110.0,187.828874,190,2026-08-28 16:00:00
2875,112,4,50.0,176.61,185,2026-08-28 16:00:00
2876,102,17,1216.0,201.94537,205,2026-08-28 16:00:00
2877,77,1,9.0,300.834444,190,2026-08-28 16:00:00
2878,33,1,-50.0,187.054,190,2026-08-28 16:00:00
2879,109,3,225.0,163.850933,165,2026-08-28 16:00:00
2880,146,11,100.0,157.6639,155,2026-08-28 16:00:00
2881,61,12,691.0,515.505224,520,2026-08-28 16:00:00
2882,44,15,975.0,526.651354,530,2026-08-28 16:00:00
2883,37,18,275.0,211.331964,215,2026-08-28 16:00:00
2884,8,13,150.0,109.71,112,2026-08-28 16:00:00
2885,137,11,-500.0,151.205,155,2026-08-28 16:00:00
2886,75,6,-165.0,519.013515,510,2026-08-28 16:00:00
2887,64,16,200.0,414.75365,450,2026-08-28 16:00:00
2888,49,16,775.0,456.347097,450,2026-08-28 16:00:00
2889,4,14,75.0,153.736667,155,2026-08-28 16:00:00
2890,151,6,225.0,503.691556,510,2026-08-28 16:00:00
2891,116,12,10.0,529.17,520,2026-08-28 16:00:00
2892,107,3,-90.0,162.215778,165,2026-08-28 16:00:00
2893,20,13,10.0,120.553,112,2026-08-28 16:00:00
2894,62,2,-50.0,424.06,420,2026-08-28 16:00:00
2895,8,14,-100.0,153.27,155,2026-08-28 16:00:00
2896,82,13,-75.0,110.6,112,2026-08-28 16:00:00
2897,13,3,55.0,161.818909,165,2026-08-28 16:00:00
2898,5,19,575.0,90.372643,92,2026-08-28 16:00:00
2899,138,20,75.0,86.253333,77,2026-08-28 16:00:00
2900,159,12,100.0,515.2676,520,2026-08-28 16:00:00
2901,98,16,-350.0,453.52,450,2026-08-28 16:00:00
2902,86,6,757.0,499.707266,510,2026-08-28 16:00:00
2903,15,20,175.0,76.624971,77,2026-08-28 16:00:00
2904,75,12,400.0,503.134375,520,2026-08-28 16:00:00
2905,20,20,475.0,76.965263,77,2026-08-28 16:00:00
2906,53,7,25.0,199.97,198,2026-08-28 16:00:00
2907,79,18,575.0,217.400435,215,2026-08-28 16:00:00
2908,97,1,375.0,197.169333,190,2026-08-28 16:00:00
2909,159,9,175.0,96.6328,97,2026-08-28 16:00:00
2910,17,7,-65.0,197.415385,198,2026-08-28 16:00:00
2911,132,16,50.0,446.505,450,2026-08-28 16:00:00
2912,43,6,-375.0,520.002667,510,2026-08-28 16:00:00
2913,122,20,-55.0,78.530909,77,2026-08-28 16:00:00
2914,104,20,285.0,76.474596,77,2026-08-28 16:00:00
2915,21,20,190.0,77.740263,77,2026-08-28 16:00:00
2916,160,6,100.0,484.4383,510,2026-08-28 16:00:00
2917,13,20,-290.0,77.306,77,2026-08-28 16:00:00
2918,109,1,10.0,186.62,190,2026-08-28 16:00:00
2919,137,13,550.0,111.859091,112,2026-08-28 16:00:00
2920,52,19,-200.0,89.64,92,2026-08-28 16:00:00
2921,78,1,25.0,194.65,190,2026-08-28 16:00:00
2922,92,10,50.0,280.671,275,2026-08-28 16:00:00
2923,151,18,25.0,218.606,215,2026-08-28 16:00:00
2924,46,18,1175.0,216.207234,215,2026-08-28 16:00:00
2925,99,10,175.0,272.574,275,2026-08-28 16:00:00
2926,146,13,75.0,110.636667,112,2026-08-28 16:00:00
2927,5,5,-15.0,1134.842,880,2026-08-28 16:00:00
2928,146,14,100.0,160.01,155,2026-08-28 16:00:00
2929,35,12,660.0,507.058136,520,2026-08-28 16:00:00
2930,65,12,-50.0,525.5274,520,2026-08-28 16:00:00
2931,74,17,50.0,218.86,205,2026-08-28 16:00:00
2932,129,13,-50.0,125.7642,112,2026-08-28 16:00:00
2933,70,9,60.0,95.381667,97,2026-08-28 16:00:00
2934,11,17,575.0,210.231183,205,2026-08-28 16:00:00
2935,127,6,450.0,509.94,510,2026-08-28 16:00:00
2936,40,18,-100.0,218.1972,215,2026-08-28 16:00:00
2937,30,13,62.0,108.188548,112,2026-08-28 16:00:00
2938,93,20,140.0,75.197071,77,2026-08-28 16:00:00
2939,105,2,425.0,414.630588,420,2026-08-28 16:00:00
2940,61,8,200.0,471.6901,450,2026-08-28 16:00:00
2941,144,3,200.0,167.7679,165,2026-08-28 16:00:00
2942,70,13,200.0,114.295,112,2026-08-28 16:00:00
2943,92,11,-25.0,156.73,155,2026-08-28 16:00:00
2944,44,2,885.0,413.950701,420,2026-08-28 16:00:00
2945,124,6,225.0,503.685244,510,2026-08-28 16:00:00
2946,24,10,75.0,274.318667,275,2026-08-28 16:00:00
2947,68,1,250.0,189.54,190,2026-08-28 16:00:00
2948,107,16,75.0,449.096667,450,2026-08-28 16:00:00
2949,25,15,260.0,508.791577,530,2026-08-28 16:00:00
2950,113,4,20.0,187.6825,185,2026-08-28 16:00:00
2951,14,16,250.0,449.48008,450,2026-08-28 16:00:00
2952,39,5,150.0,892.495,880,2026-08-28 16:00:00
2953,59,18,500.0,208.54236,215,2026-08-28 16:00:00
2954,76,8,750.0,458.03216,450,2026-08-28 16:00:00
2955,109,6,-75.0,609.856667,510,2026-08-28 16:00:00
2956,152,6,450.0,505.435556,510,2026-08-28 16:00:00
2957,82,4,300.0,186.375,185,2026-08-28 16:00:00
2958,89,12,975.0,520.157026,520,2026-08-28 16:00:00
2959,14,18,375.0,202.7228,215,2026-08-28 16:00:00
2960,153,16,-50.0,411.1216,450,2026-08-28 16:00:00
2961,147,17,360.0,194.925889,205,2026-08-28 16:00:00
2962,31,10,-500.0,276.63,275,2026-08-28 16:00:00
2963,80,12,300.0,523.1709,520,2026-08-28 16:00:00
2964,118,16,-150.0,449.603333,450,2026-08-28 16:00:00
2965,157,12,-58.0,520.044655,520,2026-08-28 16:00:00
2966,27,1,150.0,188.035,190,2026-08-28 16:00:00
2967,45,2,990.0,419.780556,420,2026-08-28 16:00:00
2968,8,1,135.0,191.258519,190,2026-08-28 16:00:00
2969,12,13,275.0,109.192873,112,2026-08-28 16:00:00
2970,56,13,-60.0,116.519833,112,2026-08-28 16:00:00
2971,103,16,110.0,451.890455,450,2026-08-28 16:00:00
2972,70,17,550.0,201.7006,205,2026-08-28 16:00:00
2973,56,15,60.0,538.638333,530,2026-08-28 16:00:00
2974,120,2,735.0,413.027823,420,2026-08-28 16:00:00
2975,76,13,150.0,111.1058,112,2026-08-28 16:00:00
2976,5,2,400.0,424.75875,420,2026-08-28 16:00:00
2977,74,16,250.0,450.41052,450,2026-08-28 16:00:00
2978,126,19,950.0,91.722695,92,2026-08-28 16:00:00
2979,157,17,60.0,200.631667,205,2026-08-28 16:00:00
2980,29,18,475.0,217.93,215,2026-08-28 16:00:00
2981,132,15,100.0,510.57,530,2026-08-28 16:00:00
2982,43,10,-75.0,258.12,275,2026-08-28 16:00:00
2983,136,8,460.0,443.693913,450,2026-08-28 16:00:00
2984,35,18,425.0,205.819976,215,2026-08-28 16:00:00
2985,18,1,50.0,183.8168,190,2026-08-28 16:00:00
2986,83,19,-50.0,94.62,92,2026-08-28 16:00:00
2987,126,6,525.0,507.107143,510,2026-08-28 16:00:00
2988,46,4,510.0,181.201569,185,2026-08-28 16:00:00
2989,18,10,400.0,279.0325,275,2026-08-28 16:00:00
2990,33,6,100.0,517.9172,510,2026-08-28 16:00:00
2991,65,1,-25.0,192.5912,190,2026-08-28 16:00:00
2992,131,15,50.0,514.8104,530,2026-08-28 16:00:00
2993,46,20,125.0,74.714,77,2026-08-28 16:00:00
2994,26,6,-200.0,552.21095,510,2026-08-28 16:00:00
2995,140,18,-683.0,215.065315,215,2026-08-28 16:00:00
2996,17,17,25.0,235.0504,205,2026-08-28 16:00:00
2997,1,13,60.0,131.675833,112,2026-08-28 16:00:00
2998,111,3,185.0,167.820541,165,2026-08-28 16:00:00
2999,50,3,775.0,168.476877,165,2026-08-28 16:00:00
3000,6,7,-10.0,201.55,198,2026-08-28 16:00:00
3001,19,9,100.0,97.4373,97,2026-08-28 16:00:00
3002,153,8,10.0,454.96,450,2026-08-28 16:00:00
3003,22,18,135.0,221.953407,215,2026-08-28 16:00:00
3004,128,20,8.0,77.5125,77,2026-08-28 16:00:00
3005,154,4,-90.0,181.380556,185,2026-08-28 16:00:00
3006,52,14,20.0,154.957,155,2026-08-28 16:00:00
3007,59,10,-169.0,276.669112,275,2026-08-28 16:00:00
3008,106,19,135.0,91.07963,92,2026-08-28 16:00:00
3009,51,10,-128.0,271.338516,275,2026-08-28 16:00:00
3010,108,14,1100.0,154.585109,155,2026-08-28 16:00:00
3011,70,15,400.0,522.11,530,2026-08-28 16:00:00
3012,78,9,150.0,96.249,97,2026-08-28 16:00:00
3013,47,5,-160.0,903.075312,880,2026-08-28 16:00:00
3014,25,8,-65.0,442.006154,450,2026-08-28 16:00:00
3015,13,10,250.0,278.342,275,2026-08-28 16:00:00
3016,104,1,400.0,192.353125,190,2026-08-28 16:00:00
3017,46,16,-125.0,467.6928,450,2026-08-28 16:00:00
3018,42,1,475.0,188.896042,190,2026-08-28 16:00:00
3019,160,16,-25.0,422.69,450,2026-08-28 16:00:00
3020,26,16,250.0,446.0154,450,2026-08-28 16:00:00
3021,111,9,50.0,96.4906,97,2026-08-28 16:00:00
3022,5,4,185.0,183.905297,185,2026-08-28 16:00:00
3023,126,8,-115.0,464.617826,450,2026-08-28 16:00:00
3024,98,8,250.0,455.335,450,2026-08-28 16:00:00
3025,25,4,150.0,186.481667,185,2026-08-28 16:00:00
3026,67,12,-1050.0,514.408505,520,2026-08-28 16:00:00
3027,100,5,-125.0,884.78584,880,2026-08-28 16:00:00
3028,155,11,350.0,151.865714,155,2026-08-28 16:00:00
3029,94,8,-225.0,449.066667,450,2026-08-28 16:00:00
3030,132,17,75.0,200.873333,205,2026-08-28 16:00:00
3031,63,11,400.0,153.4875,155,2026-08-28 16:00:00
3032,15,19,460.0,92.231087,92,2026-08-28 16:00:00
3033,91,12,650.0,522.276923,520,2026-08-28 16:00:00
3034,78,15,100.0,529.8,530,2026-08-28 16:00:00
3035,119,17,385.0,204.988597,205,2026-08-28 16:00:00
3036,141,3,25.0,140.2648,165,2026-08-28 16:00:00
3037,79,2,125.0,425.43936,420,2026-08-28 16:00:00
3038,135,12,240.0,525.830625,520,2026-08-28 16:00:00
3039,96,7,-125.0,205.98208,198,2026-08-28 16:00:00
3040,137,8,275.0,457.613636,450,2026-08-28 16:00:00
3041,31,16,225.0,450.046667,450,2026-08-28 16:00:00
3042,159,4,-575.0,187.670261,185,2026-08-28 16:00:00
3043,53,11,-140.0,156.963929,155,2026-08-28 16:00:00
3044,71,4,-600.0,183.792733,185,2026-08-28 16:00:00
3045,21,4,-15.0,201.806667,185,2026-08-28 16:00:00
3046,136,5,500.0,877.88,880,2026-08-28 16:00:00
3047,126,5,75.0,871.01,880,2026-08-28 16:00:00
3048,68,16,195.0,449.202462,450,2026-08-28 16:00:00
3049,19,18,100.0,201.526,215,2026-08-28 16:00:00
3050,71,17,25.0,204.49,205,2026-08-28 16:00:00
3051,45,3,85.0,162.688824,165,2026-08-28 16:00:00
3052,99,20,50.0,74.7324,77,2026-08-28 16:00:00
3053,79,8,10.0,448.5,450,2026-08-28 16:00:00
3054,20,6,150.0,505.166667,510,2026-08-28 16:00:00
3055,73,18,-225.0,214.391822,215,2026-08-28 16:00:00
3056,120,5,175.0,896.95,880,2026-08-28 16:00:00
3057,157,10,550.0,266.326673,275,2026-08-28 16:00:00
3058,102,16,550.0,443.6754,450,2026-08-28 16:00:00
3059,152,5,400.0,880.829175,880,2026-08-28 16:00:00
3060,108,11,-25.0,146.45,155,2026-08-28 16:00:00
3061,101,17,300.0,205.8175,205,2026-08-28 16:00:00
3062,25,14,135.0,155.450296,155,2026-08-28 16:00:00
3063,32,9,-175.0,99.541429,97,2026-08-28 16:00:00
3064,66,6,775.0,512.378116,510,2026-08-28 16:00:00
3065,143,2,525.0,413.437771,420,2026-08-28 16:00:00
3066,35,5,850.0,872.611271,880,2026-08-28 16:00:00
3067,57,20,-25.0,74.66,77,2026-08-28 16:00:00
3068,19,6,50.0,494.95,510,2026-08-28 16:00:00
3069,112,10,-90.0,274.377778,275,2026-08-28 16:00:00
3070,134,8,60.0,447.768333,450,2026-08-28 16:00:00
3071,150,5,710.0,886.384225,880,2026-08-28 16:00:00
3072,89,6,175.0,511.606057,510,2026-08-28 16:00:00
3073,69,15,125.0,535.624,530,2026-08-28 16:00:00
3074,29,4,-240.0,183.718333,185,2026-08-28 16:00:00
3075,73,2,37.0,430.56,420,2026-08-28 16:00:00
3076,16,17,500.0,208.04,205,2026-08-28 16:00:00
3077,97,2,350.0,414.57,420,2026-08-28 16:00:00
3078,144,17,-20.0,207.2125,205,2026-08-28 16:00:00
3079,3,16,875.0,446.153714,450,2026-08-28 16:00:00
3080,44,17,125.0,210.71,205,2026-08-28 16:00:00
3081,83,17,-125.0,207.49688,205,2026-08-28 16:00:00
3082,51,19,-25.0,90.33,92,2026-08-28 16:00:00
3083,14,7,50.0,225.205,198,2026-08-28 16:00:00
3084,40,2,200.0,430.79915,420,2026-08-28 16:00:00
3085,79,15,50.0,522.2814,530,2026-08-28 16:00:00
3086,20,11,275.0,152.13,155,2026-08-28 16:00:00
3087,37,5,710.0,878.359563,880,2026-08-28 16:00:00
3088,130,8,200.0,449.45,450,2026-08-28 16:00:00
3089,108,18,75.0,214.9212,215,2026-08-28 16:00:00
3090,71,6,25.0,524.3308,510,2026-08-28 16:00:00
3091,21,7,250.0,197.412,198,2026-08-28 16:00:00
3092,109,2,-15.0,418.823333,420,2026-08-28 16:00:00
3093,49,10,125.0,268.03528,275,2026-08-28 16:00:00
3094,76,18,-125.0,207.336,215,2026-08-28 16:00:00
3095,47,13,510.0,115.257392,112,2026-08-28 16:00:00
3096,102,14,440.0,149.656386,155,2026-08-28 16:00:00
3097,142,2,750.0,426.875333,420,2026-08-28 16:00:00
3098,126,12,85.0,528.312235,520,2026-08-28 16:00:00
3099,7,9,250.0,95.774,97,2026-08-28 16:00:00
3100,66,15,235.0,530.920213,530,2026-08-28 16:00:00
3101,61,1,25.0,189.0576,190,2026-08-28 16:00:00
3102,98,9,-100.0,96.8411,97,2026-08-28 16:00:00
3103,73,8,75.0,446.26,450,2026-08-28 16:00:00
3104,38,7,385.0,197.722753,198,2026-08-28 16:00:00
3105,1,18,150.0,219.696667,215,2026-08-28 16:00:00
3106,29,13,50.0,107.08,112,2026-08-28 16:00:00
3107,46,1,100.0,186.645,190,2026-08-28 16:00:00
3108,15,18,50.0,211.43,215,2026-08-28 16:00:00
3109,88,14,275.0,158.9332,155,2026-08-28 16:00:00
3110,5,17,550.0,201.58,205,2026-08-28 16:00:00
3111,112,7,75.0,199.4204,198,2026-08-28 16:00:00
3112,147,19,195.0,91.481692,92,2026-08-28 16:00:00
3113,102,2,-90.0,443.272889,420,2026-08-28 16:00:00
3114,35,3,500.0,160.35,165,2026-08-28 16:00:00
3115,12,7,-175.0,199.437143,198,2026-08-28 16:00:00
3116,32,20,25.0,74.96,77,2026-08-28 16:00:00
3117,82,17,70.0,204.084429,205,2026-08-28 16:00:00
3118,31,2,125.0,412.13272,420,2026-08-28 16:00:00
3119,58,17,-100.0,206.62,205,2026-08-28 16:00:00
3120,13,5,-50.0,863.4564,880,2026-08-28 16:00:00
3121,90,12,100.0,521.305,520,2026-08-28 16:00:00
3122,25,6,150.0,521.95,510,2026-08-28 16:00:00
3123,138,2,500.0,431.93,420,2026-08-28 16:00:00
3124,156,19,100.0,90.34,92,2026-08-28 16:00:00
3125,86,15,200.0,531.8775,530,2026-08-28 16:00:00
3126,17,14,-150.0,153.37,155,2026-08-28 16:00:00
3127,6,13,60.0,108.859333,112,2026-08-28 16:00:00
3128,35,17,100.0,211.05,205,2026-08-28 16:00:00
3129,33,17,110.0,208.681636,205,2026-08-28 16:00:00
3130,135,7,500.0,192.4,198,2026-08-28 16:00:00
3131,148,4,125.0,185.106,185,2026-08-28 16:00:00
3132,16,11,75.0,158.34,155,2026-08-28 16:00:00
3133,139,4,10.0,180.99,185,2026-08-28 16:00:00
3134,124,7,25.0,195.58,198,2026-08-28 16:00:00
3135,41,7,-200.0,201.57,198,2026-08-28 16:00:00
3136,5,1,-350.0,190.36,190,2026-08-28 16:00:00
3137,118,5,500.0,883.21,880,2026-08-28 16:00:00
3138,82,2,510.0,429.039118,420,2026-08-28 16:00:00
3139,66,5,10.0,884.37,880,2026-08-28 16:00:00
3140,2,14,500.0,154.83,155,2026-08-28 16:00:00
3141,39,9,150.0,95.65,97,2026-08-28 16:00:00
3142,125,1,200.0,191.82,190,2026-08-28 16:00:00
3143,60,18,50.0,217.33,215,2026-08-28 16:00:00
3144,16,6,100.0,515.515,510,2026-08-28 16:00:00
